Vehicle_ID,Timestamp,Distance,Flow_Speed,Density,Velocity
458,854,44.76,34.66 ,220,34.5
458,864,43.85,34.65 ,220,34.5
458,874,43.17,34.65 ,220,34.5
458,884,42.7,34.29 ,200,34.5
458,894,42.47,34.20 ,200,34.5
458,904,42.23,34.66 ,200,34.5
458,914,42.08,34.41 ,200,33.66
458,924,42.1,34.02 ,200,32.5
458,934,42.16,33.61 ,200,31.34
458,944,42.18,35.87 ,200,30.5
458,954,42.08,35.74 ,200,30.08
458,964,41.83,35.71 ,200,29.96
458,974,41.38,35.62 ,200,30
458,984,40.82,36.36 ,180,30.03
458,994,40.29,34.93 ,160,29.94
458,1004,39.79,34.38 ,180,29.65
458,1014,39.33,34.07 ,180,29.04
458,1024,38.95,33.48 ,200,28.16
458,1034,38.69,33.11 ,200,27.32
458,1044,38.54,32.78 ,200,26.88
458,1054,38.4,32.10 ,220,26.97
458,1064,38.19,31.90 ,220,27.35
458,1074,37.89,32.55 ,220,27.47
458,1084,37.61,32.25 ,220,27.04
458,1094,37.43,30.86 ,200,26.25
458,1104,37.37,30.58 ,200,25.5
458,1114,37.38,30.42 ,220,25.07
458,1124,37.4,30.21 ,220,24.96
458,1134,37.4,30.51 ,200,24.98
458,1144,37.4,30.37 ,200,25
458,1154,37.4,30.23 ,200,25
458,1164,37.4,29.98 ,200,25
458,1174,37.38,30.14 ,180,25
458,1184,37.36,29.60 ,180,25
458,1194,37.34,28.98 ,180,25
458,1204,37.33,26.53 ,160,25
458,1214,37.34,26.43 ,160,25.01
458,1224,37.33,26.62 ,160,25.02
458,1234,37.32,27.30 ,200,24.91
458,1244,37.33,30.09 ,220,24.69
458,1254,37.37,30.85 ,200,24.59
458,1264,37.43,30.96 ,200,24.88
458,1274,37.55,30.99 ,200,25.73
458,1284,37.69,30.99 ,200,26.94
458,1294,37.86,30.87 ,200,28.02
458,1304,38.06,30.64 ,220,28.68
458,1314,38.41,30.48 ,220,28.9
458,1324,38.88,29.82 ,260,28.91
458,1334,39.36,29.92 ,260,28.91
458,1344,39.82,29.52 ,280,28.86
458,1354,40.28,29.43 ,280,28.59
458,1364,40.79,29.46 ,280,27.98
458,1374,41.38,28.48 ,260,27.14
458,1384,41.91,28.69 ,240,26.28
458,1394,42.38,29.24 ,260,25.59
458,1404,42.78,29.28 ,260,25.16
458,1414,43.03,29.34 ,260,25.1
458,1424,43.28,29.43 ,260,25.49
458,1434,43.5,28.83 ,280,26.14
458,1444,43.67,28.91 ,260,26.62
458,1454,43.81,29.18 ,260,26.51
458,1464,44.1,28.48 ,240,25.82
458,1474,44.61,28.56 ,240,25.17
458,1484,45.19,29.53 ,240,25.18
458,1494,45.63,29.52 ,240,26.03
458,1504,45.81,29.67 ,240,27.38
458,1514,45.82,29.87 ,240,28.55
458,1524,45.76,29.37 ,280,29.09
458,1534,45.87,29.38 ,280,29.05
458,1544,46.19,29.18 ,260,28.7
468,871,51.56,33.48 ,200,31.36
468,881,50.81,33.11 ,200,31.36
468,891,49.97,32.78 ,200,31.36
468,901,49.6,32.10 ,220,31.36
468,911,49.32,31.90 ,220,31.36
468,921,48.82,32.55 ,220,31.36
468,931,48.44,32.25 ,220,31.05
468,941,48.05,30.86 ,200,30.47
468,951,47.62,30.58 ,200,30.05
468,961,47.12,30.42 ,220,29.94
468,971,46.63,30.21 ,220,30.05
468,981,46.13,30.51 ,200,30.4
468,991,45.56,30.37 ,200,30.79
468,1001,44.9,30.23 ,200,30.6
468,1011,44.4,29.98 ,200,29.04
468,1021,44.2,30.14 ,180,25.84
468,1031,44.35,29.60 ,180,21.39
468,1041,44.93,28.98 ,180,16.77
468,1051,45.88,26.53 ,160,13.45
468,1061,47.17,26.43 ,160,12.37
468,1071,48.43,26.62 ,160,13.6
468,1081,49.42,27.30 ,200,16.48
468,1091,50.1,30.09 ,220,19.76
468,1101,50.46,30.85 ,200,22.41
468,1111,50.58,30.96 ,200,24.08
468,1121,50.53,30.99 ,200,24.84
468,1131,50.65,30.99 ,200,25.01
468,1141,50.91,30.87 ,200,25
468,1151,51.3,30.64 ,220,25
468,1161,51.71,30.48 ,220,25
468,1171,52.11,30.42 ,200,25
468,1181,52.49,30.17 ,200,25
468,1191,52.89,30.68 ,200,25
468,1201,53.3,30.58 ,220,25
468,1211,53.66,30.65 ,220,25
468,1221,53.93,30.67 ,220,25
468,1231,54.09,30.54 ,220,25
468,1241,54.16,30.02 ,200,25
468,1251,54.17,29.73 ,200,25
468,1261,54.14,29.20 ,220,25
468,1271,54.13,28.76 ,220,25
468,1281,54.2,31.16 ,220,25
468,1291,54.38,31.03 ,220,25
468,1301,54.61,31.03 ,220,25
468,1311,54.77,31.00 ,220,25
468,1321,54.77,30.88 ,240,25
468,1331,54.7,28.37 ,220,25
468,1341,54.71,27.95 ,220,25
468,1351,54.88,27.62 ,220,25
468,1361,55.18,27.23 ,240,24.96
468,1371,55.64,29.37 ,280,24.88
468,1381,56.12,29.38 ,280,24.82
468,1391,56.55,29.18 ,260,24.92
468,1401,56.92,29.12 ,260,25.81
468,1411,56.97,29.17 ,260,28.33
468,1421,56.76,29.37 ,260,32.51
468,1431,56.21,29.64 ,260,37.32
468,1441,55.36,28.97 ,240,40.9
468,1451,54.07,29.20 ,240,41.57
468,1461,53.09,29.42 ,240,39.21
468,1471,52.39,28.28 ,240,35.18
468,1481,52.05,28.43 ,240,30.92
468,1491,52.13,28.48 ,240,27.09
468,1501,52.6,28.43 ,240,23.61
468,1511,53.39,28.36 ,240,20.32
468,1521,54.41,28.22 ,240,17.94
468,1531,55.78,28.09 ,240,17.31
468,1541,57.11,29.80 ,260,18.68
468,1551,58.34,29.48 ,240,21.43
468,1561,59.42,29.37 ,220,24.4
475,892,59.04,27.30 ,200,28.22
475,902,57.85,30.09 ,220,28.22
475,912,56.94,30.85 ,200,28.22
475,922,56.24,30.96 ,200,28.22
475,932,56.26,30.99 ,200,28.22
475,942,55.81,30.99 ,200,28.22
475,952,55.44,30.87 ,200,28.1
475,962,55.12,30.64 ,220,27.52
475,972,54.91,30.48 ,220,26.67
475,982,54.79,30.42 ,200,25.91
475,992,54.76,30.17 ,200,25.35
475,1002,54.76,30.68 ,200,25.06
475,1012,54.78,30.58 ,220,24.97
475,1022,54.78,30.65 ,220,24.98
475,1032,54.78,30.67 ,220,25
475,1042,54.78,30.54 ,220,25
475,1052,54.78,30.02 ,200,25
475,1062,54.78,29.73 ,200,25
475,1072,54.78,29.20 ,220,25
475,1082,54.77,28.76 ,220,24.97
475,1092,54.78,31.16 ,220,24.89
475,1102,54.79,31.03 ,220,24.83
475,1112,54.82,31.03 ,220,24.83
475,1122,54.84,31.00 ,220,24.89
475,1132,54.84,30.88 ,240,24.96
475,1142,54.84,28.37 ,220,25
475,1152,54.84,27.95 ,220,25
475,1162,54.84,27.62 ,220,25
475,1172,54.84,27.23 ,240,25.01
475,1182,54.84,27.36 ,200,25.03
475,1192,54.8,27.15 ,200,24.94
475,1202,54.76,26.95 ,200,24.63
475,1212,54.75,26.76 ,200,24.08
475,1222,55.14,26.96 ,220,23.41
475,1232,55.93,28.78 ,240,22.85
475,1242,57.18,28.86 ,240,22.53
475,1252,58.81,28.97 ,240,22.53
475,1262,60.86,29.08 ,240,22.85
475,1272,62.54,28.78 ,260,23.41
475,1282,63.87,29.87 ,240,24.08
475,1292,64.74,29.57 ,240,24.63
475,1302,65.15,29.25 ,240,24.94
475,1312,65.16,28.97 ,240,25.03
475,1322,64.86,28.43 ,260,25.02
475,1332,64.31,28.23 ,260,25
475,1342,63.44,28.09 ,260,25
475,1352,62.71,26.14 ,240,25
475,1362,62.23,26.04 ,240,25
475,1372,62.02,25.88 ,240,25
475,1382,62.06,26.00 ,260,25
475,1392,62.31,25.92 ,240,24.97
475,1402,62.73,27.42 ,260,24.87
475,1412,63.28,29.63 ,280,24.79
475,1422,64.01,29.89 ,280,24.89
475,1432,64.92,30.24 ,280,25.25
475,1442,65.97,30.64 ,280,25.77
475,1452,67.16,31.01 ,280,26.26
475,1462,68.53,30.92 ,260,26.67
475,1472,69.97,29.66 ,240,27.16
475,1482,71.36,29.44 ,240,27.9
475,1492,72.62,29.26 ,240,28.77
475,1502,73.77,30.19 ,260,29.5
475,1512,74.88,29.85 ,240,29.89
475,1522,75.99,29.36 ,220,30.09
475,1532,77.07,29.31 ,220,30.4
475,1542,78.01,29.14 ,240,31.02
475,1552,78.73,29.21 ,240,31.89
475,1562,79.2,28.70 ,260,32.79
475,1572,79.49,27.62 ,280,33.49
475,1582,79.7,27.87 ,280,33.89
485,910,50.07,29.20 ,220,28.1
485,920,50.08,28.76 ,220,28.1
485,930,49.57,31.16 ,220,28.1
485,940,49.55,31.03 ,220,28.1
485,950,49.03,31.03 ,220,28.1
485,960,48.68,31.00 ,220,28.1
485,970,48.35,30.88 ,240,27.52
485,980,48.14,28.37 ,220,26.67
485,990,48.03,27.95 ,220,25.91
485,1000,47.99,27.62 ,220,25.35
485,1010,47.99,27.23 ,240,25.06
485,1020,48.01,27.36 ,200,24.97
485,1030,48.03,27.15 ,200,24.98
485,1040,48.03,26.95 ,200,25
485,1050,47.99,26.76 ,200,25
485,1060,47.87,26.96 ,220,25.01
485,1070,47.66,28.78 ,240,25.03
485,1080,47.38,28.86 ,240,24.92
485,1090,47.09,28.97 ,240,24.49
485,1100,46.88,29.08 ,240,23.65
485,1110,46.86,28.78 ,260,22.56
485,1120,47.06,29.87 ,240,21.65
485,1130,47.44,29.57 ,240,21.28
485,1140,47.85,29.25 ,240,21.47
485,1150,48.19,28.97 ,240,21.84
485,1160,48.46,28.43 ,260,21.93
485,1170,48.73,28.23 ,260,21.57
485,1180,49.1,28.09 ,260,20.93
485,1190,49.56,26.14 ,240,20.36
485,1200,50.07,26.04 ,240,20.06
485,1210,50.58,25.88 ,240,19.97
485,1220,51.09,26.00 ,260,19.98
485,1230,51.59,25.92 ,240,20
485,1240,52.09,27.42 ,260,20
485,1250,52.56,27.42 ,220,20
485,1260,53.02,27.38 ,220,20
485,1270,53.5,27.31 ,220,20
485,1280,54.05,27.26 ,220,20
485,1290,54.66,27.24 ,220,20
485,1300,55.31,27.18 ,220,20
485,1310,55.99,27.13 ,220,20
485,1320,56.71,26.90 ,220,20
485,1330,57.54,26.41 ,220,20
485,1340,58.49,26.54 ,220,20
485,1350,59.49,26.07 ,220,20
485,1360,60.5,25.75 ,240,20
485,1370,61.49,25.71 ,240,20
485,1380,62.53,25.51 ,220,20
485,1390,63.66,25.33 ,220,19.98
485,1400,64.91,25.57 ,200,19.97
485,1410,66.27,27.02 ,180,20.08
485,1420,67.67,26.94 ,180,20.48
485,1430,69.03,26.41 ,200,21.22
485,1440,70.28,26.22 ,200,22.09
485,1450,71.42,25.97 ,200,22.82
485,1460,72.51,26.13 ,220,23.32
485,1470,73.51,26.02 ,220,23.73
485,1480,74.36,25.65 ,240,24.14
485,1490,75.01,25.88 ,220,24.49
485,1500,75.53,26.98 ,280,24.73
485,1510,76,27.21 ,280,24.82
485,1520,76.47,27.02 ,260,24.87
485,1530,76.96,28.58 ,280,24.95
485,1540,77.45,28.85 ,280,24.99
485,1550,77.95,28.27 ,260,24.99
485,1560,78.45,28.49 ,260,24.99
485,1570,78.94,28.70 ,260,24.98
485,1580,79.42,28.81 ,260,24.96
485,1590,79.93,28.79 ,260,25.09
485,1600,80.51,28.71 ,260,25.61
493,935,62.04,28.43 ,260,25
493,945,61.76,28.23 ,260,25
493,955,61.39,28.09 ,260,25
493,965,60.93,26.14 ,240,25
493,975,60.43,26.04 ,240,25
493,985,59.91,25.88 ,240,25
493,995,59.41,26.00 ,260,25
493,1005,58.91,25.92 ,240,25
493,1015,58.41,27.42 ,260,25
493,1025,57.91,27.42 ,220,25.02
493,1035,57.41,27.38 ,220,25.03
493,1045,56.89,27.31 ,220,24.94
493,1055,56.39,27.26 ,220,24.65
493,1065,55.93,27.24 ,220,24.1
493,1075,55.54,27.18 ,220,23.34
493,1085,55.25,27.13 ,220,22.5
493,1095,55.04,26.90 ,220,21.66
493,1105,54.93,26.41 ,220,20.9
493,1115,54.89,26.54 ,220,20.35
493,1125,54.89,26.07 ,220,20.06
493,1135,54.91,25.75 ,240,19.97
493,1145,54.91,25.71 ,240,19.98
493,1155,54.91,25.51 ,220,20
493,1165,54.91,25.33 ,220,19.94
493,1175,54.91,25.57 ,200,19.82
493,1185,54.92,27.02 ,180,19.73
493,1195,54.95,26.94 ,180,19.72
493,1205,55.04,26.41 ,200,19.82
493,1215,55.21,26.22 ,200,19.94
493,1225,55.48,25.97 ,200,20
493,1235,55.81,26.13 ,220,20
493,1245,56.16,26.02 ,220,20
493,1255,56.55,25.65 ,240,20
493,1265,56.99,25.88 ,220,20
493,1275,57.47,26.06 ,200,20
493,1285,57.96,26.09 ,200,20
493,1295,58.44,26.16 ,200,20
493,1305,58.93,24.34 ,180,20
493,1315,59.43,24.47 ,180,20
493,1325,59.93,24.73 ,180,20
493,1335,60.43,24.97 ,180,20
493,1345,60.93,25.11 ,180,20
493,1355,61.43,25.16 ,180,20
493,1365,61.91,25.11 ,180,20
493,1375,62.39,24.88 ,180,20
493,1385,62.98,24.50 ,180,20
493,1395,63.74,22.19 ,160,20
493,1405,64.64,22.08 ,160,20
493,1415,65.69,22.10 ,160,20
493,1425,66.9,21.39 ,140,20
493,1435,68.18,21.66 ,140,19.98
493,1445,69.47,21.87 ,140,19.96
493,1455,70.78,21.84 ,120,20.08
493,1465,72.06,21.79 ,120,20.48
493,1475,73.29,22.17 ,140,21.21
493,1485,74.43,22.16 ,140,22.11
493,1495,75.42,22.74 ,160,22.86
493,1505,76.21,22.39 ,180,23.24
493,1515,76.87,22.31 ,180,23.38
493,1525,77.44,22.23 ,180,23.5
493,1535,78.01,22.19 ,180,23.76
493,1545,78.59,28.92 ,260,24.23
493,1555,79.14,29.40 ,260,24.9
493,1565,79.62,29.94 ,260,25.59
493,1575,80.01,30.39 ,260,26.16
493,1585,80.34,30.63 ,260,26.5
493,1595,80.65,31.04 ,240,26.58
493,1605,80.97,30.91 ,220,26.58
493,1615,81.3,31.04 ,220,26.54
493,1625,81.83,30.63 ,240,26.41
494,962,56.99,26.41 ,200,22.37
494,972,56.49,26.22 ,200,22.37
494,982,55.99,25.97 ,200,22.37
494,992,55.49,26.13 ,220,22.37
494,1002,54.99,26.02 ,220,22.37
494,1012,54.93,25.65 ,240,22.37
494,1022,54.77,25.88 ,220,22.37
494,1032,54.51,26.06 ,200,22.75
494,1042,54.17,26.09 ,200,22.94
494,1052,53.88,26.16 ,200,22.89
494,1062,53.61,24.34 ,180,22.88
494,1072,53.33,24.47 ,180,23.01
494,1082,53.01,24.73 ,180,23.22
494,1092,52.68,24.97 ,180,23.41
494,1102,52.34,25.11 ,180,23.66
494,1112,51.96,25.16 ,180,23.95
494,1122,51.53,25.11 ,180,24.11
494,1132,51.1,24.88 ,180,24.04
494,1142,50.7,24.50 ,180,23.8
494,1152,50.34,22.19 ,160,23.58
494,1162,50,22.08 ,160,23.49
494,1172,49.65,22.10 ,160,23.45
494,1182,49.31,21.39 ,140,23.38
494,1192,48.98,21.66 ,140,23.33
494,1202,48.64,21.87 ,140,23.27
494,1212,48.3,21.84 ,120,23.17
494,1222,47.98,21.79 ,120,23.08
494,1232,47.75,22.17 ,140,23.15
494,1242,47.61,22.16 ,140,23.53
494,1252,47.52,22.74 ,160,24.13
494,1262,47.4,22.39 ,180,24.67
494,1272,47.23,22.31 ,180,24.97
494,1282,47.05,22.23 ,180,25.04
494,1292,46.89,22.19 ,180,25.01
494,1302,46.77,22.22 ,180,25
494,1312,46.72,22.14 ,180,25
494,1322,46.74,22.01 ,180,25
494,1332,46.85,21.85 ,180,25
494,1342,47.01,21.75 ,180,25
494,1352,47.18,21.76 ,180,25
494,1362,47.34,21.89 ,180,25
494,1372,47.5,22.00 ,180,25
494,1382,47.66,21.80 ,160,25
494,1392,47.8,22.67 ,140,25
494,1402,47.91,22.74 ,140,25
494,1412,47.98,22.81 ,140,25
494,1422,48.01,22.84 ,140,25
494,1432,48.01,22.81 ,140,24.98
494,1442,48.05,22.91 ,140,24.96
494,1452,48.18,23.18 ,140,25.07
494,1462,48.4,23.61 ,140,25.5
494,1472,48.64,24.13 ,140,26.3
494,1482,48.84,24.24 ,120,27.38
494,1492,49.01,30.36 ,240,28.5
494,1502,49.08,30.77 ,240,29.35
494,1512,49.09,31.10 ,240,29.74
494,1522,49.08,31.25 ,240,29.63
494,1532,49.12,31.19 ,240,29.08
494,1542,49.24,29.23 ,200,28.37
494,1552,49.39,28.02 ,180,27.91
494,1562,49.56,28.01 ,180,27.91
494,1572,49.72,28.10 ,180,28.38
494,1582,49.83,28.15 ,180,29.05
494,1592,49.87,28.10 ,180,29.6
494,1602,49.86,28.05 ,180,29.95
494,1612,49.87,28.14 ,180,30.31
494,1622,49.89,28.34 ,180,30.84
494,1632,49.9,28.37 ,160,31.61
494,1642,49.82,28.59 ,160,32.44
494,1652,49.69,28.92 ,160,33.07
523,1015,65.02,24.81 ,140,25
523,1025,65.4,24.92 ,180,25
523,1035,65.86,24.92 ,180,25
523,1045,66.36,24.88 ,180,25
523,1055,66.86,24.85 ,180,25
523,1065,67.39,24.85 ,180,25
523,1075,67.95,24.88 ,180,25
523,1085,68.58,24.91 ,180,25
523,1095,69.27,25.02 ,180,25
523,1105,69.99,25.20 ,180,25
523,1115,70.73,25.47 ,180,25
523,1125,71.47,25.84 ,180,25
523,1135,72.19,26.24 ,180,25
523,1145,72.93,26.60 ,180,25
523,1155,73.68,26.84 ,180,25
523,1165,74.4,26.71 ,200,25
523,1175,75.04,26.61 ,200,25
523,1185,75.57,26.41 ,200,25
523,1195,76.07,26.25 ,200,25
523,1205,76.7,26.21 ,200,25
523,1215,77.45,26.04 ,180,24.93
523,1225,78.36,24.54 ,140,24.8
523,1235,79.4,24.55 ,160,24.81
523,1245,80.45,23.99 ,140,25.12
523,1255,81.44,24.11 ,160,25.77
523,1265,82.31,24.44 ,160,26.56
523,1275,83.09,24.77 ,160,27.06
523,1285,83.83,25.56 ,180,27.14
523,1295,84.62,25.67 ,180,26.95
523,1305,85.45,25.69 ,180,26.81
523,1315,86.3,27.82 ,200,27
523,1325,87.1,27.79 ,200,27.56
523,1335,87.81,27.74 ,200,28.32
523,1345,88.43,27.69 ,200,29.09
523,1355,88.97,27.63 ,200,29.64
523,1365,89.46,27.58 ,200,29.94
523,1375,89.95,27.54 ,200,30.03
523,1385,90.44,27.57 ,200,30.01
523,1395,90.95,27.61 ,200,30
523,1405,91.44,27.66 ,200,30
523,1415,91.88,27.82 ,200,30
523,1425,92.31,28.09 ,200,30
523,1435,92.75,28.40 ,200,30
523,1445,93.23,28.70 ,200,30
523,1455,93.73,28.65 ,220,30
523,1465,94.22,28.82 ,200,30
523,1475,94.72,28.71 ,200,30
523,1485,95.22,28.65 ,200,29.95
523,1495,95.73,31.03 ,220,29.84
523,1505,96.2,31.09 ,220,29.76
523,1515,96.6,31.11 ,220,29.75
523,1525,96.93,31.23 ,220,29.83
523,1535,97.25,31.45 ,220,29.94
523,1545,97.62,31.00 ,180,29.99
523,1555,98.05,32.06 ,160,29.99
523,1565,98.49,32.30 ,160,29.98
523,1575,98.88,32.46 ,160,30
523,1585,99.18,33.77 ,180,30.12
523,1595,99.43,33.96 ,180,30.33
523,1605,99.7,34.12 ,180,30.64
523,1615,100.01,34.03 ,180,30.98
523,1625,100.22,33.47 ,200,31.27
523,1635,100.22,32.75 ,220,31.47
523,1645,100.03,32.56 ,220,31.56
523,1655,99.67,32.61 ,220,31.59
523,1665,99.13,32.80 ,220,31.58
523,1675,98.45,32.90 ,220,31.41
523,1685,97.78,32.70 ,220,30.98
523,1695,97.18,32.26 ,220,30.24
523,1705,96.73,31.99 ,200,29.38
1712,4680,34.91,39.68 ,220,40
1712,4690,34.98,39.80 ,220,40
1712,4700,34.98,39.78 ,220,40
1712,4710,34.98,40.04 ,200,40
1712,4720,34.98,39.98 ,200,40
1712,4730,34.99,39.72 ,200,40
1712,4740,34.99,39.91 ,180,40
1712,4750,34.95,40.63 ,200,40
1712,4760,34.91,40.18 ,200,40
1712,4770,34.9,39.83 ,200,40
1712,4780,34.9,39.60 ,200,40
1712,4790,34.86,39.54 ,200,40
1712,4800,34.67,39.81 ,180,40
1712,4810,34.34,39.86 ,180,40
1712,4820,33.94,40.18 ,160,39.95
1712,4830,33.56,40.37 ,180,39.84
1712,4840,33.24,40.58 ,160,39.76
1712,4850,32.91,40.37 ,180,39.76
1712,4860,32.49,40.99 ,200,39.83
1712,4870,31.99,41.31 ,180,39.96
1712,4880,31.47,41.23 ,180,40.03
1712,4890,30.95,41.18 ,180,39.92
1712,4900,30.44,41.40 ,200,39.49
1712,4910,29.99,41.30 ,200,38.66
1712,4920,29.68,41.11 ,200,37.5
1712,4930,29.49,40.91 ,200,36.34
1712,4940,29.44,40.70 ,200,35.5
1712,4950,29.45,40.13 ,180,35.07
1712,4960,29.44,40.49 ,160,34.96
1712,4970,29.4,40.01 ,160,34.98
1712,4980,29.37,39.52 ,160,35
1712,4990,29.38,40.42 ,140,35.01
1712,5000,29.38,40.68 ,140,35.03
1712,5010,29.33,41.03 ,140,34.92
1712,5020,29.19,41.67 ,160,34.44
1712,5030,29.04,40.06 ,160,33.5
1712,5040,28.95,35.42 ,300,32.26
1712,5050,28.94,35.27 ,280,31.1
1712,5060,29.11,35.21 ,280,30.34
1712,5070,29.41,35.09 ,280,30.02
1712,5080,29.8,34.91 ,280,29.96
1712,5090,30.25,34.64 ,280,29.97
1712,5100,30.71,35.19 ,240,29.99
1712,5110,31.18,34.87 ,240,29.99
1712,5120,31.64,34.80 ,240,29.99
1712,5130,32.14,34.88 ,240,29.99
1712,5140,32.55,34.92 ,220,29.99
1712,5150,32.8,34.75 ,220,29.99
1712,5160,32.94,34.79 ,240,29.99
1712,5170,32.91,34.58 ,240,30
1712,5180,32.85,34.10 ,240,30.02
1712,5190,32.8,34.33 ,260,29.92
1712,5200,32.78,34.69 ,260,29.62
1712,5210,32.82,35.11 ,260,29.09
1712,5220,32.94,34.95 ,240,28.42
1712,5230,33.14,35.03 ,240,27.79
1712,5240,33.39,34.93 ,240,27.28
1712,5250,33.68,34.59 ,260,26.78
1712,5260,34.03,34.24 ,260,26.23
1712,5270,34.46,33.83 ,260,25.91
1712,5280,34.91,33.46 ,260,25.91
1712,5290,35.34,33.24 ,260,26.19
1712,5300,35.71,33.88 ,240,26.53
1712,5310,36.03,33.99 ,240,26.49
1712,5320,36.34,34.16 ,240,26.04
1712,5330,36.66,34.22 ,280,25.4
1712,5340,37.04,33.73 ,220,24.77
1712,5350,37.55,33.52 ,220,24.45
1712,5360,38.12,33.30 ,220,24.58
1712,5370,38.62,33.15 ,220,25.05
1720,4702,86.94,41.40 ,200,43.81
1720,4712,86.39,41.30 ,200,43.81
1720,4722,85.7,41.11 ,200,43.81
1720,4732,84.89,40.91 ,200,43.81
1720,4742,83.94,40.70 ,200,43.81
1720,4752,82.97,40.13 ,180,43.81
1720,4762,82.11,40.49 ,160,42.94
1720,4772,81.38,40.01 ,160,42.19
1720,4782,80.71,39.52 ,160,41.68
1720,4792,80.06,40.42 ,140,41.26
1720,4802,79.45,40.68 ,140,40.81
1720,4812,78.91,41.03 ,140,40.37
1720,4822,78.43,41.67 ,160,40.07
1720,4832,77.87,40.06 ,160,39.92
1720,4842,77.16,40.92 ,140,39.81
1720,4852,76.36,40.84 ,140,39.74
1720,4862,75.42,40.73 ,140,39.73
1720,4872,74.44,40.57 ,140,39.82
1720,4882,73.43,40.31 ,160,39.94
1720,4892,72.42,40.01 ,160,40
1720,4902,71.42,39.71 ,160,40.01
1720,4912,70.41,39.43 ,160,40.03
1720,4922,69.4,39.19 ,160,39.92
1720,4932,68.39,39.65 ,180,39.49
1720,4942,67.44,39.46 ,180,38.65
1720,4952,66.62,39.28 ,180,37.57
1720,4962,65.95,39.14 ,160,36.71
1720,4972,65.35,38.89 ,160,36.34
1720,4982,64.73,38.35 ,160,36.29
1720,4992,64.09,38.73 ,140,36.2
1720,5002,63.47,38.70 ,140,35.86
1720,5012,62.86,39.10 ,160,35.41
1720,5022,62.23,39.22 ,160,35.01
1720,5032,61.54,39.21 ,160,34.56
1720,5042,60.83,39.00 ,160,33.91
1720,5052,60.18,34.59 ,260,33.09
1720,5062,59.58,34.24 ,260,32.24
1720,5072,58.97,33.83 ,260,31.48
1720,5082,58.42,33.46 ,260,30.84
1720,5092,57.96,33.24 ,260,30.35
1720,5102,57.62,33.88 ,240,30.05
1720,5112,57.33,33.99 ,240,29.96
1720,5122,56.99,34.16 ,240,29.97
1720,5132,56.58,34.22 ,280,29.99
1720,5142,56.07,33.73 ,220,29.99
1720,5152,55.49,33.52 ,220,30
1720,5162,54.9,33.30 ,220,30
1720,5172,54.35,33.15 ,220,29.94
1720,5182,53.88,33.14 ,220,29.77
1720,5192,53.52,33.21 ,220,29.47
1720,5202,53.28,33.50 ,240,29.11
1720,5212,53.15,32.56 ,220,28.8
1720,5222,53.1,33.30 ,240,28.61
1720,5232,53.07,33.13 ,240,28.55
1720,5242,53.02,32.89 ,240,28.55
1720,5252,52.91,32.73 ,260,28.43
1720,5262,52.75,32.47 ,240,28.12
1720,5272,52.62,32.58 ,240,27.82
1720,5282,52.57,32.77 ,240,27.66
1720,5292,52.59,32.94 ,240,27.72
1720,5302,52.6,34.02 ,200,28.06
1720,5312,52.49,33.91 ,200,28.55
1720,5322,52.22,33.79 ,200,29.11
1720,5332,51.79,33.70 ,200,29.62
1720,5342,51.27,33.99 ,220,29.91
1720,5352,50.75,34.74 ,240,29.93
1720,5362,50.24,34.70 ,240,29.8
1720,5372,49.75,34.23 ,260,29.65
1720,5382,49.35,33.24 ,240,29.5
1720,5392,49.11,33.25 ,240,29.4
1727,4720,75.39,40.31 ,160,40
1727,4730,75.4,40.01 ,160,40
1727,4740,75.4,39.71 ,160,40
1727,4750,75.4,39.43 ,160,40
1727,4760,75.42,39.19 ,160,40
1727,4770,75.43,39.65 ,180,40
1727,4780,75.38,39.46 ,180,40
1727,4790,75.19,39.28 ,180,40
1727,4800,74.86,39.14 ,160,40
1727,4810,74.46,38.89 ,160,40
1727,4820,74.08,38.35 ,160,40
1727,4830,73.73,38.73 ,140,40
1727,4840,73.37,38.70 ,140,40.02
1727,4850,72.91,39.10 ,160,39.98
1727,4860,72.41,39.22 ,160,39.73
1727,4870,71.93,39.21 ,160,39.21
1727,4880,71.47,39.00 ,160,38.37
1727,4890,71.04,39.45 ,140,37.31
1727,4900,70.63,40.44 ,160,36.28
1727,4910,70.25,40.10 ,180,35.5
1727,4920,69.87,39.88 ,180,35.08
1727,4930,69.43,39.94 ,200,34.96
1727,4940,68.93,39.89 ,200,34.98
1727,4950,68.41,39.74 ,200,35
1727,4960,67.9,39.46 ,200,35
1727,4970,67.41,40.90 ,180,35
1727,4980,66.9,40.75 ,180,35
1727,4990,66.4,40.50 ,180,35
1727,5000,65.9,40.26 ,180,35
1727,5010,65.41,39.98 ,200,35
1727,5020,64.91,39.73 ,200,35
1727,5030,64.38,39.48 ,200,35
1727,5040,63.81,39.67 ,180,35.01
1727,5050,63.19,39.36 ,180,35.03
1727,5060,62.54,38.82 ,180,34.94
1727,5070,61.88,38.51 ,180,34.59
1727,5080,61.27,38.21 ,180,33.92
1727,5090,60.79,32.73 ,260,33.07
1727,5100,60.38,32.47 ,240,32.22
1727,5110,59.99,32.58 ,240,31.47
1727,5120,59.63,32.77 ,240,30.84
1727,5130,59.33,32.94 ,240,30.34
1727,5140,59.11,34.02 ,200,30.05
1727,5150,58.95,33.91 ,200,29.96
1727,5160,58.82,33.79 ,200,29.98
1727,5170,58.78,33.70 ,200,29.99
1727,5180,58.78,33.99 ,220,29.94
1727,5190,58.79,34.74 ,240,29.8
1727,5200,58.81,34.70 ,240,29.59
1727,5210,58.84,34.23 ,260,29.35
1727,5220,58.88,33.24 ,240,29.16
1727,5230,58.91,33.25 ,240,29.06
1727,5240,58.94,33.35 ,240,29.03
1727,5250,58.98,33.47 ,240,29.04
1727,5260,59.02,33.53 ,240,29.06
1727,5270,59.05,34.52 ,240,29.06
1727,5280,59.03,34.55 ,260,28.85
1727,5290,58.94,34.58 ,260,28.2
1727,5300,58.97,34.48 ,240,27.1
1727,5310,59.17,34.23 ,220,26.17
1727,5320,59.57,33.53 ,240,25.99
1727,5330,59.9,33.29 ,240,26.69
1727,5340,59.97,32.99 ,240,27.8
1727,5350,59.74,32.54 ,240,28.45
1727,5360,59.36,32.42 ,260,28.25
1727,5370,59.03,32.14 ,260,27.38
1727,5380,58.83,32.15 ,260,26.28
1727,5390,58.79,32.37 ,260,25.45
1727,5400,58.82,32.48 ,260,25.17
1727,5410,58.84,32.43 ,260,25.49
1731,4739,78.9,40.10 ,180,40.92
1731,4749,78.45,39.88 ,180,40.92
1731,4759,77.94,39.94 ,200,40.92
1731,4769,77.43,39.89 ,200,40.92
1731,4779,76.43,39.74 ,200,40.92
1731,4789,75.93,39.46 ,200,40.92
1731,4799,75.39,40.90 ,180,40.28
1731,4809,74.92,40.75 ,180,39.99
1731,4819,74.43,40.50 ,180,39.97
1731,4829,73.94,40.26 ,180,39.98
1731,4839,73.43,39.98 ,200,40
1731,4849,72.93,39.73 ,200,40
1731,4859,72.43,39.48 ,200,40
1731,4869,71.93,39.67 ,180,40
1731,4879,71.43,39.36 ,180,39.96
1731,4889,70.95,38.82 ,180,39.87
1731,4899,70.48,38.51 ,180,39.81
1731,4909,69.97,38.21 ,180,39.83
1731,4919,69.33,38.58 ,160,39.79
1731,4929,68.59,38.70 ,180,39.59
1731,4939,67.81,38.75 ,180,39.19
1731,4949,67.03,38.83 ,180,38.73
1731,4959,66.22,38.94 ,200,38.33
1731,4969,65.4,39.31 ,220,37.94
1731,4979,64.6,39.08 ,220,37.5
1731,4989,63.88,38.86 ,220,37.05
1731,4999,63.2,38.63 ,220,36.67
1731,5009,62.55,38.53 ,200,36.27
1731,5019,61.94,37.96 ,200,35.81
1731,5029,61.36,38.09 ,220,35.37
1731,5039,60.81,38.67 ,200,35.06
1731,5049,60.24,38.51 ,200,34.97
1731,5059,59.65,38.39 ,200,34.98
1731,5069,59.05,38.26 ,200,35
1731,5079,58.45,37.99 ,200,35
1731,5089,57.85,37.65 ,220,34.96
1731,5099,57.26,37.04 ,220,34.86
1731,5109,56.71,34.55 ,260,34.8
1731,5119,56.15,34.58 ,260,34.79
1731,5129,55.45,34.48 ,240,34.86
1731,5139,54.59,34.23 ,220,34.95
1731,5149,53.59,33.53 ,240,34.99
1731,5159,52.66,33.29 ,240,35.01
1731,5169,51.88,32.99 ,240,35.02
1731,5179,51.26,32.54 ,240,34.92
1731,5189,50.67,32.42 ,260,34.55
1731,5199,50.04,32.14 ,260,33.91
1731,5209,49.38,32.15 ,260,33.18
1731,5219,48.67,32.37 ,260,32.68
1731,5229,47.91,32.48 ,260,32.56
1731,5239,47.14,32.43 ,260,32.72
1731,5249,46.41,32.28 ,260,32.93
1731,5259,45.77,32.04 ,280,33.06
1731,5269,45.26,32.38 ,280,33.09
1731,5279,44.85,32.33 ,280,32.99
1731,5289,44.51,33.01 ,280,32.56
1731,5299,44.27,32.57 ,260,31.85
1731,5309,44.11,32.43 ,260,30.97
1731,5319,44.02,32.12 ,260,30.17
1731,5329,43.93,31.93 ,280,29.73
1731,5339,43.83,32.11 ,260,29.63
1731,5349,43.76,32.38 ,260,29.72
1731,5359,43.72,32.93 ,280,29.88
1731,5369,43.65,33.49 ,260,29.97
1731,5379,43.46,33.35 ,260,29.97
1731,5389,43.15,33.26 ,260,29.97
1731,5399,42.7,33.27 ,260,29.98
1731,5409,42.2,33.23 ,260,29.98
1731,5419,41.68,33.09 ,260,30
1731,5429,41.18,32.30 ,280,30.02
1735,4754,57.44,38.82 ,180,40
1735,4764,57.49,38.51 ,180,40
1735,4774,57.46,38.21 ,180,40
1735,4784,57.45,38.58 ,160,40
1735,4794,57.45,38.70 ,180,40
1735,4804,57.4,38.75 ,180,40
1735,4814,57.29,38.83 ,180,40
1735,4824,57.14,38.94 ,200,40
1735,4834,56.96,39.31 ,220,40
1735,4844,56.74,39.08 ,220,40.02
1735,4854,56.45,38.86 ,220,40.03
1735,4864,56.11,38.63 ,220,39.92
1735,4874,55.76,38.53 ,200,39.49
1735,4884,55.42,37.96 ,200,38.64
1735,4894,55.16,38.09 ,220,37.52
1735,4904,55,38.67 ,200,36.66
1735,4914,54.91,38.51 ,200,36.49
1735,4924,54.77,38.39 ,200,36.86
1735,4934,54.52,38.26 ,200,37.19
1735,4944,54.24,37.99 ,200,36.98
1735,4954,54.05,37.65 ,220,36.25
1735,4964,53.99,37.04 ,220,35.5
1735,4974,53.98,37.12 ,200,35.07
1735,4984,53.97,37.19 ,200,34.96
1735,4994,53.95,37.37 ,200,34.98
1735,5004,53.94,37.44 ,200,35
1735,5014,53.95,38.31 ,180,35
1735,5024,53.94,38.12 ,180,35
1735,5034,53.95,37.98 ,200,35
1735,5044,53.96,38.92 ,240,35
1735,5054,53.97,38.90 ,220,35
1735,5064,53.92,38.85 ,220,35
1735,5074,53.77,38.84 ,220,35.01
1735,5084,53.52,39.29 ,240,35.03
1735,5094,53.22,39.20 ,240,34.92
1735,5104,52.96,39.02 ,240,34.45
1735,5114,52.82,38.74 ,240,33.5
1735,5124,52.84,32.04 ,280,32.26
1735,5134,52.99,32.38 ,280,31.1
1735,5144,53.29,32.33 ,280,30.34
1735,5154,53.62,33.01 ,280,30.02
1735,5164,53.88,32.57 ,260,29.95
1735,5174,54.03,32.43 ,260,29.97
1735,5184,54.06,32.12 ,260,29.99
1735,5194,54.02,31.93 ,280,29.99
1735,5204,53.96,32.11 ,260,29.99
1735,5214,53.92,32.38 ,260,29.99
1735,5224,53.9,32.93 ,280,29.99
1735,5234,53.91,33.49 ,260,29.99
1735,5244,53.91,33.35 ,260,29.99
1735,5254,53.91,33.26 ,260,29.99
1735,5264,53.9,33.27 ,260,30
1735,5274,53.9,33.23 ,260,29.99
1735,5284,53.89,33.09 ,260,29.94
1735,5294,53.9,32.30 ,280,29.82
1735,5304,53.93,31.63 ,280,29.61
1735,5314,53.99,31.76 ,280,29.36
1735,5324,54.03,31.73 ,260,29.17
1735,5334,54.02,31.85 ,260,28.92
1735,5344,54.02,31.89 ,280,28.56
1735,5354,54.12,31.81 ,280,28.34
1735,5364,54.29,32.11 ,260,28.34
1735,5374,54.38,31.73 ,260,28.25
1735,5384,54.33,30.68 ,240,27.43
1735,5394,54.42,30.46 ,240,25.43
1735,5404,54.58,30.64 ,260,22.62
1735,5414,54.91,30.79 ,280,20.06
1735,5424,55.48,30.75 ,280,18.74
1735,5434,56.23,31.39 ,300,18.85
1735,5444,56.81,31.66 ,300,19.92
1742,4775,80.01,37.04 ,220,39.56
1742,4785,79.5,37.12 ,200,39.56
1742,4795,78.98,37.19 ,200,39.56
1742,4805,78.48,37.37 ,200,39.56
1742,4815,77.98,37.44 ,200,39.56
1742,4825,77.46,38.31 ,180,39.56
1742,4835,77.01,38.12 ,180,38.88
1742,4845,76.65,37.98 ,200,37.96
1742,4855,76.42,38.92 ,240,37.07
1742,4865,76.28,38.90 ,220,36.47
1742,4875,76.18,38.85 ,220,36.19
1742,4885,76.07,38.84 ,220,36.15
1742,4895,75.95,39.29 ,240,36.18
1742,4905,75.85,39.20 ,240,36.19
1742,4915,75.74,39.02 ,240,36.15
1742,4925,75.56,38.74 ,240,36.05
1742,4935,75.25,39.50 ,240,35.98
1742,4945,74.83,38.88 ,220,35.98
1742,4955,74.25,38.38 ,220,36.05
1742,4965,73.62,37.98 ,200,36.15
1742,4975,72.99,36.70 ,200,36.19
1742,4985,72.36,35.13 ,200,36.19
1742,4995,71.74,33.63 ,200,36.19
1742,5005,71.13,32.63 ,180,36.21
1742,5015,70.5,32.04 ,180,36.23
1742,5025,69.86,31.86 ,180,36.12
1742,5035,69.24,32.03 ,180,35.75
1742,5045,68.67,31.79 ,180,35.13
1742,5055,68.21,31.45 ,180,34.51
1742,5065,67.82,31.23 ,180,34.22
1742,5075,67.42,31.44 ,180,34.35
1742,5085,66.98,32.75 ,200,34.69
1742,5095,66.47,33.31 ,200,34.97
1742,5105,65.94,35.57 ,200,34.96
1742,5115,65.42,36.60 ,180,34.64
1742,5125,64.92,38.09 ,200,34.18
1742,5135,64.44,38.50 ,220,33.69
1742,5145,64.02,38.52 ,220,33.19
1742,5155,63.6,31.89 ,280,32.63
1742,5165,63.17,31.81 ,280,31.9
1742,5175,62.83,32.11 ,260,31.08
1742,5185,62.64,31.73 ,260,30.44
1742,5195,62.51,30.68 ,240,30.07
1742,5205,62.14,30.46 ,240,29.96
1742,5215,61.54,30.64 ,260,29.97
1742,5225,60.7,30.79 ,280,29.99
1742,5235,59.61,30.75 ,280,29.99
1742,5245,58.36,31.39 ,300,29.99
1742,5255,57.29,31.66 ,300,29.99
1742,5265,56.34,31.93 ,300,29.99
1742,5275,55.54,32.06 ,300,29.99
1742,5285,54.87,32.11 ,300,29.99
1742,5295,54.33,31.10 ,300,30.01
1742,5305,53.89,31.48 ,280,30.02
1742,5315,53.49,31.41 ,280,29.92
1742,5325,53.15,32.19 ,280,29.62
1742,5335,52.88,32.14 ,280,29.16
1742,5345,52.69,31.74 ,260,28.69
1742,5355,52.53,31.63 ,260,28.24
1742,5365,52.36,31.49 ,260,27.83
1742,5375,52.2,31.33 ,260,27.6
1742,5385,52.03,31.81 ,280,27.6
1742,5395,51.86,31.64 ,280,27.74
1742,5405,51.71,31.59 ,280,27.83
1742,5415,51.57,31.63 ,280,27.65
1742,5425,51.46,31.62 ,280,27.29
1742,5435,51.31,31.52 ,280,26.96
1742,5445,51.14,30.14 ,240,26.76
1742,5455,50.98,30.18 ,240,26.65
1742,5465,50.83,31.10 ,260,26.62
1750,4783,40.98,38.92 ,240,50.96
1750,4793,44.62,38.90 ,220,50.96
1750,4803,43.19,38.85 ,220,50.96
1750,4813,41.76,38.84 ,220,50.96
1750,4823,40.28,39.29 ,240,50.96
1750,4833,38.8,39.20 ,240,50.96
1750,4843,37.33,39.02 ,240,51.06
1750,4853,35.88,38.74 ,240,51.54
1750,4863,34.28,39.50 ,240,52.67
1750,4873,32.51,38.88 ,220,53.35
1750,4883,30.77,38.38 ,220,51.57
1750,4893,29.64,37.98 ,200,45.85
1750,4903,29.25,36.70 ,200,35.99
1750,4913,29.89,35.13 ,200,23.99
1750,4923,31.59,33.63 ,200,13.11
1750,4933,34.17,32.63 ,180,5.41
1750,4943,37.37,32.04 ,180,1.39
1750,4953,41,31.86 ,180,0.17
1750,4963,44.62,32.03 ,180,0
1750,4973,48.19,31.79 ,180,0
1750,4983,51.65,31.45 ,180,0
1750,4993,55.04,31.23 ,180,0
1750,5003,58.37,31.44 ,180,2.16
1750,5013,61.32,32.75 ,200,6.24
1750,5023,63.81,33.31 ,200,12.83
1750,5033,65.62,35.57 ,200,21.2
1750,5043,66.61,36.60 ,180,29.55
1750,5053,66.85,38.09 ,200,35.97
1750,5063,66.54,38.50 ,220,39.59
1750,5073,65.77,38.52 ,220,40.72
1750,5083,64.97,39.00 ,200,40.47
1750,5093,64.23,38.82 ,200,40.07
1750,5103,63.39,38.53 ,200,39.98
1750,5113,62.44,38.12 ,200,40.01
1750,5123,61.42,37.51 ,220,39.92
1750,5133,60.39,36.94 ,220,39.49
1750,5143,59.43,36.52 ,200,38.66
1750,5153,58.63,36.03 ,180,37.5
1750,5163,57.93,35.64 ,200,36.34
1750,5173,57.38,34.89 ,180,35.5
1750,5183,56.89,34.77 ,180,35.08
1750,5193,56.41,34.78 ,180,34.96
1750,5203,55.91,34.89 ,180,34.98
1750,5213,55.41,35.06 ,180,35
1750,5223,54.91,36.44 ,160,35.01
1750,5233,54.4,36.54 ,160,34.99
1750,5243,53.9,36.54 ,160,34.78
1750,5253,53.42,32.19 ,280,34.28
1750,5263,52.95,32.14 ,280,33.42
1750,5273,52.54,31.74 ,260,32.32
1750,5283,52.23,31.63 ,260,31.37
1750,5293,51.99,31.49 ,260,31
1750,5303,51.69,31.33 ,260,31.32
1750,5313,51.25,31.81 ,280,31.98
1750,5323,50.74,31.64 ,280,32.38
1750,5333,50.26,31.59 ,280,32.27
1750,5343,49.86,31.63 ,280,31.95
1750,5353,49.46,31.62 ,280,31.87
1750,5363,49,31.52 ,280,32.17
1750,5373,48.43,30.14 ,240,32.6
1750,5383,47.79,30.18 ,240,32.92
1750,5393,47.13,31.10 ,260,33.05
1750,5403,46.49,31.80 ,240,33.08
1750,5413,45.84,32.02 ,260,33.07
1750,5423,45.19,31.85 ,300,32.86
1750,5433,44.55,31.72 ,300,32.31
1750,5443,43.99,31.53 ,300,31.33
1750,5453,43.55,31.36 ,300,30.13
1750,5463,43.25,31.29 ,300,29.3
1750,5473,43.05,31.32 ,300,29.12
1754,4810,64.46,38.09 ,200,46.25
1754,4820,63.2,38.50 ,220,46.25
1754,4830,62.32,38.52 ,220,46.25
1754,4840,61.92,39.00 ,200,46.25
1754,4850,61.41,38.82 ,200,46.25
1754,4860,60.59,38.53 ,200,46.25
1754,4870,59.92,38.12 ,200,45.64
1754,4880,59.45,37.51 ,220,44.26
1754,4890,59.16,36.94 ,220,42.14
1754,4900,59.06,36.52 ,200,39.37
1754,4910,59.08,36.03 ,180,36.31
1754,4920,59.23,35.64 ,200,33.95
1754,4930,59.54,34.89 ,180,33.3
1754,4940,59.68,34.77 ,180,34.48
1754,4950,59.6,34.78 ,180,36.56
1754,4960,59.38,34.89 ,180,38.43
1754,4970,58.94,35.06 ,180,39.52
1754,4980,58.41,36.44 ,160,39.76
1754,4990,57.92,36.54 ,160,39.4
1754,5000,57.48,36.54 ,160,38.63
1754,5010,57.16,36.73 ,140,37.5
1754,5020,56.89,36.66 ,140,36.34
1754,5030,56.63,36.57 ,140,35.5
1754,5040,56.3,37.36 ,160,35.08
1754,5050,55.86,37.01 ,180,34.96
1754,5060,55.41,37.05 ,200,34.98
1754,5070,55.07,36.25 ,180,35
1754,5080,54.85,36.02 ,180,35
1754,5090,54.63,36.39 ,200,35
1754,5100,54.33,36.51 ,200,35.01
1754,5110,53.98,36.82 ,220,35.03
1754,5120,53.63,36.89 ,220,34.93
1754,5130,53.37,36.92 ,220,34.61
1754,5140,53.22,36.84 ,220,34.14
1754,5150,53.17,36.37 ,200,33.78
1754,5160,53.15,36.30 ,220,33.77
1754,5170,53.08,36.23 ,200,33.96
1754,5180,52.96,31.85 ,300,33.95
1754,5190,52.83,31.72 ,300,33.43
1754,5200,52.73,31.53 ,300,32.42
1754,5210,52.61,31.36 ,300,31.32
1754,5220,52.49,31.29 ,300,30.49
1754,5230,52.35,31.32 ,300,30.07
1754,5240,52.26,32.02 ,280,29.95
1754,5250,52.26,32.23 ,280,29.97
1754,5260,52.28,32.06 ,280,29.99
1754,5270,52.23,32.26 ,280,29.99
1754,5280,52.1,32.48 ,280,29.99
1754,5290,51.93,32.61 ,300,29.99
1754,5300,51.74,32.76 ,280,29.97
1754,5310,51.57,32.39 ,280,30
1754,5320,51.4,32.09 ,280,30.15
1754,5330,51.23,31.39 ,260,30.45
1754,5340,51.04,30.91 ,240,30.88
1754,5350,50.8,32.08 ,260,31.35
1754,5360,50.52,32.43 ,260,31.72
1754,5370,50.2,32.66 ,260,31.87
1754,5380,49.88,32.73 ,260,31.76
1754,5390,49.57,31.97 ,240,31.64
1754,5400,49.23,31.67 ,240,31.64
1754,5410,48.84,31.31 ,240,31.62
1754,5420,48.47,31.28 ,260,31.37
1754,5430,48.19,31.40 ,280,30.74
1754,5440,48.01,32.11 ,260,30
1754,5450,47.83,32.75 ,240,29.57
1754,5460,47.53,32.90 ,240,29.41
1754,5470,47.12,33.03 ,240,29.19
1754,5480,46.67,33.15 ,240,28.59
1754,5490,46.33,32.63 ,260,27.57
1754,5500,46.13,32.62 ,280,26.51
1758,4835,97.74,37.05 ,200,41.19
1758,4845,96.82,36.25 ,180,41.19
1758,4855,95.82,36.02 ,180,41.19
1758,4865,94.82,36.39 ,200,41.19
1758,4875,93.82,36.51 ,200,41.19
1758,4885,93.3,36.82 ,220,41.19
1758,4895,92.8,36.89 ,220,40.27
1758,4905,92.33,36.92 ,220,39.98
1758,4915,91.79,36.84 ,220,39.96
1758,4925,91.16,36.37 ,200,39.98
1758,4935,90.49,36.30 ,220,40
1758,4945,89.87,36.23 ,200,40
1758,4955,89.31,37.44 ,180,40
1758,4965,88.74,37.21 ,180,39.94
1758,4975,88.06,37.04 ,180,39.82
1758,4985,87.27,36.88 ,180,39.74
1758,4995,86.36,36.57 ,180,39.76
1758,5005,85.37,36.27 ,180,39.76
1758,5015,84.35,35.98 ,180,39.59
1758,5025,83.38,35.89 ,200,39.09
1758,5035,82.49,35.99 ,180,38.34
1758,5045,81.7,35.94 ,180,37.5
1758,5055,80.99,35.93 ,180,36.66
1758,5065,80.38,36.49 ,180,35.9
1758,5075,79.84,36.80 ,180,35.35
1758,5085,79.33,37.02 ,180,35.06
1758,5095,78.84,36.94 ,200,34.97
1758,5105,78.36,36.90 ,200,34.98
1758,5115,77.92,36.75 ,200,35
1758,5125,77.53,35.99 ,200,35
1758,5135,77.2,36.07 ,220,35
1758,5145,76.91,35.77 ,220,35
1758,5155,76.61,35.34 ,220,35
1758,5165,76.27,34.92 ,220,34.99
1758,5175,75.91,34.64 ,220,34.96
1758,5185,75.59,34.55 ,220,34.95
1758,5195,75.31,31.28 ,260,35.08
1758,5205,74.94,31.40 ,280,35.38
1758,5215,74.41,32.11 ,260,35.8
1758,5225,73.73,32.75 ,240,36.22
1758,5235,73.01,32.90 ,240,36.47
1758,5245,72.3,33.03 ,240,36.56
1758,5255,71.59,33.15 ,240,36.59
1758,5265,70.75,32.63 ,260,36.55
1758,5275,69.76,32.62 ,280,36.21
1758,5285,68.7,32.50 ,280,35.31
1758,5295,67.79,32.43 ,280,33.77
1758,5305,67.08,32.38 ,280,31.72
1758,5315,66.6,32.33 ,280,29.59
1758,5325,66.31,32.24 ,280,27.71
1758,5335,66.15,32.00 ,280,26.3
1758,5345,66.11,31.67 ,280,25.45
1758,5355,66.09,31.91 ,260,25.07
1758,5365,66.1,31.77 ,260,24.96
1758,5375,66.16,31.12 ,240,24.97
1758,5385,66.23,31.06 ,240,24.92
1758,5395,66.32,30.97 ,240,24.72
1758,5405,66.43,29.98 ,260,24.38
1758,5415,66.53,29.85 ,260,23.88
1758,5425,66.61,29.68 ,260,23.17
1758,5435,66.62,29.39 ,260,22.26
1758,5445,66.64,29.06 ,280,21.27
1758,5455,66.64,28.84 ,280,20.47
1758,5465,66.65,28.34 ,280,20.04
1758,5475,66.65,28.18 ,280,19.92
1758,5485,66.66,29.42 ,280,19.94
1758,5495,66.66,29.52 ,280,19.97
1758,5505,66.67,29.76 ,280,19.99
1758,5515,66.67,30.04 ,280,19.95
1758,5525,66.66,30.21 ,280,19.69
1764,4873,144.02,35.02 ,220,40
1764,4883,143.63,34.93 ,220,40
1764,4893,142.78,34.84 ,240,40
1764,4903,142.45,34.73 ,240,40
1764,4913,142.11,34.56 ,240,40
1764,4923,141.77,35.23 ,220,40
1764,4933,141.45,34.71 ,180,40.02
1764,4943,141.08,34.49 ,180,40.03
1764,4953,140.5,34.77 ,200,39.94
1764,4963,139.76,34.78 ,200,39.65
1764,4973,138.87,35.13 ,220,39.1
1764,4983,137.86,35.31 ,220,38.34
1764,4993,136.78,35.28 ,220,37.5
1764,5003,135.61,35.04 ,220,36.66
1764,5013,134.48,34.79 ,200,35.84
1764,5023,133.43,34.39 ,200,35.15
1764,5033,132.47,34.82 ,220,34.75
1764,5043,131.53,34.66 ,240,34.66
1764,5053,130.57,34.21 ,240,34.78
1764,5063,129.54,35.09 ,220,34.94
1764,5073,128.46,35.11 ,240,34.99
1764,5083,127.34,34.74 ,240,35
1764,5093,126.13,34.36 ,240,35.03
1764,5103,124.8,34.61 ,220,35.07
1764,5113,123.34,34.52 ,220,35.13
1764,5123,121.81,35.24 ,220,35.23
1764,5133,120.27,36.01 ,240,35.34
1764,5143,118.72,34.98 ,240,35.45
1764,5153,117.16,34.95 ,240,35.53
1764,5163,115.6,34.89 ,240,35.56
1764,5173,114.04,34.70 ,240,35.53
1764,5183,112.48,34.55 ,260,35.24
1764,5193,110.91,34.15 ,260,34.47
1764,5203,109.42,33.67 ,260,33.21
1764,5213,107.94,33.13 ,260,31.74
1764,5223,106.52,32.62 ,260,30.57
1764,5233,105.19,32.10 ,240,29.94
1764,5243,103.88,32.47 ,260,29.75
1764,5253,102.57,30.21 ,260,29.8
1764,5263,101.24,29.61 ,280,29.89
1764,5273,99.9,29.73 ,300,29.84
1764,5283,98.57,29.67 ,300,29.59
1764,5293,97.27,29.46 ,300,29.18
1764,5303,96.05,29.07 ,300,28.72
1764,5313,94.86,28.64 ,300,28.31
1764,5323,93.71,28.40 ,300,27.81
1764,5333,92.61,28.66 ,280,27.16
1764,5343,91.56,28.80 ,280,26.58
1764,5353,90.5,28.37 ,260,26.32
1764,5363,89.39,27.65 ,260,26.28
1764,5373,88.28,27.54 ,260,26.19
1764,5383,87.26,28.20 ,280,25.84
1764,5393,86.38,28.52 ,300,25.38
1764,5403,85.58,28.63 ,300,25.06
1764,5413,84.76,28.77 ,300,24.98
1764,5423,83.81,29.16 ,320,25.01
1764,5433,82.69,29.23 ,320,24.91
1764,5443,81.44,29.01 ,300,24.49
1764,5453,80.1,29.16 ,300,23.65
1764,5463,78.8,29.31 ,300,22.49
1764,5473,77.58,29.35 ,300,21.34
1764,5483,76.52,29.27 ,320,20.5
1764,5493,75.53,28.43 ,340,19.95
1764,5503,74.55,28.37 ,360,19.55
1764,5513,73.61,27.89 ,340,19.37
1764,5523,72.69,27.82 ,340,19.37
1764,5533,71.81,27.59 ,340,19.56
1764,5543,71.02,27.22 ,340,19.84
1764,5553,70.34,27.12 ,360,19.97
1764,5563,69.8,26.99 ,360,19.99
1768,4889,62.5,34.82 ,220,43.69
1768,4899,61.44,34.66 ,240,43.69
1768,4909,60.4,34.21 ,240,43.69
1768,4919,59.4,35.09 ,220,43.69
1768,4929,58.4,35.11 ,240,43.69
1768,4939,57.43,34.74 ,240,43.69
1768,4949,56.62,34.36 ,240,42.54
1768,4959,55.92,34.61 ,220,41.35
1768,4969,55.38,34.52 ,220,40.5
1768,4979,54.91,35.24 ,220,40.08
1768,4989,54.45,36.01 ,240,39.98
1768,4999,54,34.98 ,240,40.02
1768,5009,53.53,34.95 ,240,39.94
1768,5019,53.08,34.89 ,240,39.59
1768,5029,52.69,34.70 ,240,38.93
1768,5039,52.41,34.55 ,260,38.09
1768,5049,52.19,34.15 ,260,37.24
1768,5059,51.89,33.67 ,260,36.49
1768,5069,51.53,33.13 ,260,35.85
1768,5079,51.09,32.62 ,260,35.35
1768,5089,50.57,32.10 ,240,35.06
1768,5099,50.04,32.47 ,260,34.97
1768,5109,49.51,32.64 ,240,34.98
1768,5119,49,33.84 ,220,35
1768,5129,48.5,34.18 ,200,35
1768,5139,48,34.18 ,200,35.01
1768,5149,47.45,34.60 ,220,35.03
1768,5159,46.82,34.45 ,220,34.94
1768,5169,46.16,34.30 ,220,34.63
1768,5179,45.53,34.14 ,220,34.08
1768,5189,44.91,33.96 ,220,33.41
1768,5199,44.29,33.76 ,220,32.86
1768,5209,43.65,33.02 ,260,32.57
1768,5219,43.03,33.12 ,240,32.5
1768,5229,42.42,33.24 ,260,32.42
1768,5239,41.79,32.54 ,240,32.07
1768,5249,41.13,28.52 ,300,31.28
1768,5259,40.55,28.63 ,300,30.13
1768,5269,40.09,28.77 ,300,28.79
1768,5279,39.76,29.16 ,320,27.52
1768,5289,39.62,29.23 ,320,26.68
1768,5299,39.53,29.01 ,300,26.33
1768,5309,39.36,29.16 ,300,26.27
1768,5319,39.01,29.31 ,300,26.17
1768,5329,38.58,29.35 ,300,25.81
1768,5339,38.09,29.27 ,320,25.41
1768,5349,37.59,28.43 ,340,25.23
1768,5359,37.05,28.37 ,360,25.35
1768,5369,36.43,27.89 ,340,25.62
1768,5379,35.76,27.82 ,340,25.85
1768,5389,35.09,27.59 ,340,25.98
1768,5399,34.46,27.22 ,340,26.04
1768,5409,33.87,27.12 ,360,26.07
1768,5419,33.25,26.99 ,360,26.04
1768,5429,32.63,27.71 ,380,25.74
1768,5439,32.04,27.29 ,360,24.93
1768,5449,31.59,27.01 ,340,23.6
1768,5459,31.19,26.77 ,340,22.01
1768,5469,30.83,26.60 ,320,20.71
1768,5479,30.55,25.71 ,300,20.02
1768,5489,30.2,25.56 ,300,19.86
1768,5499,29.79,25.60 ,300,19.84
1768,5509,29.38,26.35 ,280,19.39
1768,5519,29.13,26.55 ,280,18.36
1768,5529,28.97,26.58 ,280,17.25
1768,5539,28.89,26.55 ,280,16.51
1768,5549,28.78,26.61 ,280,16.22
1768,5559,28.64,26.70 ,280,16.1
1768,5569,28.55,26.54 ,300,15.78
1768,5579,28.59,26.06 ,320,15.34
1772,4899,43.93,36.01 ,240,43.48
1772,4909,43.48,34.98 ,240,43.48
1772,4919,43,34.95 ,240,43.48
1772,4929,42.51,34.89 ,240,43.48
1772,4939,41.97,34.70 ,240,43.48
1772,4949,41.44,34.55 ,260,43.48
1772,4959,40.9,34.15 ,260,42.83
1772,4969,40.35,33.67 ,260,42.4
1772,4979,39.75,33.13 ,260,42.24
1772,4989,39.07,32.62 ,260,42.22
1772,4999,38.34,32.10 ,240,42.24
1772,5009,37.6,32.47 ,260,42.24
1772,5019,36.87,32.64 ,240,42.21
1772,5029,36.16,33.84 ,220,42.12
1772,5039,35.45,34.18 ,200,42.06
1772,5049,34.75,34.18 ,200,42.07
1772,5059,34.05,34.60 ,220,42.13
1772,5069,33.34,34.45 ,220,42.22
1772,5079,32.62,34.30 ,220,42.26
1772,5089,31.85,34.14 ,220,42.26
1772,5099,31,33.96 ,220,42.29
1772,5109,30.04,33.76 ,220,42.2
1772,5119,29.03,33.02 ,260,41.58
1772,5129,28.18,33.12 ,240,40.16
1772,5139,27.56,33.24 ,260,37.93
1772,5149,27.17,32.54 ,240,35.19
1772,5159,26.97,32.21 ,220,32.69
1772,5169,26.84,31.93 ,220,30.97
1772,5179,26.8,32.35 ,240,30.11
1772,5189,26.66,32.08 ,220,29.93
1772,5199,26.32,31.83 ,220,29.99
1772,5209,25.91,31.57 ,220,30.01
1772,5219,25.53,31.60 ,240,30
1772,5229,25.19,31.43 ,240,30.02
1772,5239,24.81,31.29 ,240,30.01
1772,5249,24.33,29.27 ,320,29.83
1772,5259,23.84,28.43 ,340,29.35
1772,5269,23.41,28.37 ,360,28.52
1772,5279,23.16,27.89 ,340,27.4
1772,5289,23.06,27.82 ,340,26.31
1772,5299,23.11,27.59 ,340,25.5
1772,5309,23.23,27.22 ,340,25.08
1772,5319,23.35,27.12 ,360,24.99
1772,5329,23.45,26.99 ,360,24.9
1772,5339,23.57,27.71 ,380,24.49
1772,5349,23.71,27.29 ,360,23.65
1772,5359,23.82,27.01 ,340,22.49
1772,5369,23.91,26.77 ,340,21.34
1772,5379,24.01,26.60 ,320,20.52
1772,5389,23.98,25.71 ,300,20.1
1772,5399,23.94,25.56 ,300,19.89
1772,5409,23.94,25.60 ,300,19.59
1772,5419,24.02,26.35 ,280,19.13
1772,5429,24.06,26.55 ,280,18.76
1772,5439,24.02,26.58 ,280,18.76
1772,5449,23.78,26.55 ,280,19.13
1772,5459,23.43,26.61 ,280,19.62
1772,5469,23.06,26.70 ,280,19.96
1772,5479,22.66,26.54 ,300,19.97
1772,5489,22.2,26.06 ,320,19.66
1772,5499,21.73,26.34 ,340,19.09
1772,5509,21.33,26.11 ,340,18.33
1772,5519,21.04,26.19 ,360,17.49
1772,5529,20.84,26.13 ,360,16.65
1772,5539,20.69,26.28 ,360,15.9
1772,5549,20.53,26.55 ,360,15.33
1772,5559,20.3,26.91 ,340,14.91
1772,5569,20.02,27.07 ,340,14.59
1772,5579,19.74,26.23 ,300,14.34
1772,5589,19.5,26.42 ,300,13.96
1775,4915,68.78,34.60 ,220,39.93
1775,4925,68.56,34.45 ,220,39.93
1775,4935,68.3,34.30 ,220,39.93
1775,4945,68.52,34.14 ,220,39.93
1775,4955,68.74,33.96 ,220,39.93
1775,4965,68.97,33.76 ,220,39.93
1775,4975,69.23,33.02 ,260,39.63
1775,4985,69.37,33.12 ,240,39.19
1775,4995,69.37,33.24 ,260,38.73
1775,5005,69.17,32.54 ,240,38.32
1775,5015,68.75,32.21 ,220,37.8
1775,5025,68.18,31.93 ,220,36.97
1775,5035,67.52,32.35 ,240,35.81
1775,5045,66.96,32.08 ,220,34.66
1775,5055,66.59,31.83 ,220,33.88
1775,5065,66.27,31.57 ,220,33.58
1775,5075,65.92,31.60 ,240,33.58
1775,5085,65.53,31.43 ,240,33.51
1775,5095,65.17,31.29 ,240,33.14
1775,5105,64.89,31.28 ,220,32.48
1775,5115,64.67,32.44 ,200,31.67
1775,5125,64.48,32.43 ,180,30.9
1775,5135,64.25,32.09 ,200,30.37
1775,5145,63.93,31.67 ,200,30.09
1775,5155,63.48,31.34 ,200,29.9
1775,5165,62.97,31.49 ,220,29.6
1775,5175,62.5,31.46 ,200,29.14
1775,5185,62.15,31.35 ,200,28.78
1775,5195,61.83,30.99 ,200,28.8
1775,5205,61.4,30.96 ,200,29.07
1775,5215,60.75,29.99 ,220,29.24
1775,5225,59.99,29.87 ,220,29.12
1775,5235,59.14,29.83 ,220,28.76
1775,5245,58.28,29.83 ,220,28.34
1775,5255,57.45,29.80 ,240,27.83
1775,5265,56.68,29.71 ,260,27.09
1775,5275,55.96,29.47 ,260,26.21
1775,5285,55.27,29.24 ,260,25.48
1775,5295,54.61,29.10 ,260,25.09
1775,5305,53.99,29.00 ,260,25
1775,5315,53.42,28.90 ,260,24.9
1775,5325,52.91,28.73 ,260,24.45
1775,5335,52.5,26.54 ,300,23.52
1775,5345,52.22,26.06 ,320,22.29
1775,5355,52.02,26.34 ,340,21.13
1775,5365,51.88,26.11 ,340,20.36
1775,5375,51.68,26.19 ,360,20.03
1775,5385,51.4,26.13 ,360,19.96
1775,5395,51.02,26.28 ,360,19.98
1775,5405,50.56,26.55 ,360,19.99
1775,5415,50.06,26.91 ,340,20.01
1775,5425,49.53,27.07 ,340,20.03
1775,5435,48.96,26.23 ,300,19.92
1775,5445,48.39,26.42 ,300,19.55
1775,5455,47.82,26.59 ,300,18.94
1775,5465,47.28,26.76 ,300,18.29
1775,5475,46.75,26.90 ,300,17.91
1775,5485,46.21,26.93 ,300,17.93
1775,5495,45.69,26.77 ,300,18.19
1775,5505,45.12,26.45 ,300,18.43
1775,5515,44.43,26.10 ,300,18.55
1775,5525,43.63,25.81 ,300,18.58
1775,5535,42.75,25.24 ,280,18.52
1775,5545,41.85,25.25 ,320,18.09
1775,5555,41.06,24.94 ,320,17.05
1775,5565,40.45,24.10 ,300,15.37
1775,5575,40.01,24.37 ,340,13.31
1775,5585,39.76,24.16 ,340,11.51
1775,5595,39.69,24.14 ,340,10.38
1775,5605,39.73,24.23 ,340,9.92
1782,4950,60.84,29.71 ,260,30.03
1782,4960,61.11,29.47 ,260,30.03
1782,4970,61.5,29.24 ,260,30.03
1782,4980,61.92,29.10 ,260,30.03
1782,4990,62.33,29.00 ,260,30.03
1782,5000,62.74,28.90 ,260,30.03
1782,5010,63.15,28.73 ,260,29.92
1782,5020,63.47,28.87 ,240,29.5
1782,5030,63.66,29.85 ,240,28.66
1782,5040,63.81,29.18 ,220,27.5
1782,5050,63.89,29.74 ,240,26.34
1782,5060,63.93,28.60 ,200,25.5
1782,5070,63.89,28.54 ,200,25.08
1782,5080,63.88,28.53 ,200,24.98
1782,5090,63.89,28.50 ,200,25.02
1782,5100,63.87,28.07 ,220,24.92
1782,5110,63.86,27.98 ,220,24.5
1782,5120,63.91,28.00 ,240,23.66
1782,5130,64.11,27.82 ,240,22.48
1782,5140,64.43,27.69 ,240,21.3
1782,5150,64.9,27.66 ,240,20.57
1782,5160,65.38,27.70 ,240,20.46
1782,5170,65.72,27.72 ,240,20.77
1782,5180,65.89,26.62 ,260,21.05
1782,5190,65.95,26.35 ,260,20.98
1782,5200,65.97,26.38 ,280,20.6
1782,5210,65.99,26.22 ,280,20.21
1782,5220,65.99,26.11 ,280,20.01
1782,5230,65.97,25.73 ,240,19.97
1782,5240,65.95,25.77 ,260,19.98
1782,5250,65.95,25.38 ,260,20
1782,5260,65.95,24.47 ,220,20
1782,5270,65.91,24.35 ,220,20
1782,5280,65.71,24.32 ,220,20
1782,5290,65.41,24.37 ,220,20
1782,5300,64.97,25.71 ,240,20
1782,5310,64.47,25.75 ,240,20
1782,5320,63.91,25.72 ,240,20
1782,5330,63.21,25.70 ,240,20
1782,5340,62.4,25.71 ,240,20
1782,5350,61.45,25.74 ,240,20.01
1782,5360,60.44,25.70 ,240,20.03
1782,5370,59.41,25.60 ,240,19.93
1782,5380,58.4,25.33 ,260,19.63
1782,5390,57.45,25.26 ,260,19.19
1782,5400,56.57,24.72 ,240,18.73
1782,5410,55.72,24.62 ,240,18.32
1782,5420,54.89,25.36 ,220,17.83
1782,5430,54.12,24.17 ,200,17.09
1782,5440,53.45,26.29 ,240,16.22
1782,5450,52.89,26.31 ,240,15.48
1782,5460,52.4,26.32 ,240,15.07
1782,5470,51.92,26.34 ,240,14.96
1782,5480,51.42,26.30 ,240,14.98
1782,5490,50.92,25.37 ,260,15.02
1782,5500,50.42,24.54 ,280,15.03
1782,5510,49.92,24.38 ,280,14.92
1782,5520,49.41,24.15 ,280,14.5
1782,5530,48.92,23.87 ,280,13.66
1782,5540,48.5,23.62 ,280,12.5
1782,5550,48.09,23.45 ,280,11.34
1782,5560,47.74,23.38 ,280,10.5
1782,5570,47.42,23.34 ,280,10.08
1782,5580,47.1,23.27 ,280,9.96
1782,5590,46.77,23.46 ,280,9.98
1782,5600,46.39,23.48 ,280,10
1782,5610,45.94,23.66 ,300,10
1782,5620,45.44,23.73 ,300,10
1782,5630,44.91,21.22 ,280,9.95
1782,5640,44.4,20.88 ,300,9.83
1787,4965,42.07,28.07 ,220,24.21
1787,4975,42.08,27.98 ,220,24.21
1787,4985,42.03,28.00 ,240,24.21
1787,4995,41.84,27.82 ,240,24.21
1787,5005,41.53,27.69 ,240,24.21
1787,5015,41.1,27.66 ,240,24.21
1787,5025,40.7,27.70 ,240,23.77
1787,5035,40.39,27.72 ,240,23.34
1787,5045,40.18,26.62 ,260,22.83
1787,5055,40.05,26.35 ,260,22.09
1787,5065,39.98,26.38 ,280,21.22
1787,5075,39.95,26.22 ,280,20.48
1787,5085,39.95,26.11 ,280,20.08
1787,5095,39.95,25.73 ,240,19.97
1787,5105,39.95,25.77 ,260,19.98
1787,5115,39.95,25.38 ,260,20
1787,5125,39.95,24.47 ,220,20
1787,5135,39.95,24.35 ,220,20
1787,5145,39.95,24.32 ,220,20
1787,5155,39.95,24.37 ,220,20
1787,5165,39.95,25.71 ,240,20
1787,5175,39.95,25.75 ,240,20
1787,5185,39.95,25.72 ,240,20
1787,5195,39.95,25.70 ,240,20
1787,5205,39.95,25.71 ,240,20
1787,5215,39.95,25.74 ,240,20
1787,5225,39.95,25.70 ,240,20
1787,5235,39.96,25.60 ,240,19.95
1787,5245,39.97,25.33 ,260,19.84
1787,5255,39.95,25.26 ,260,19.76
1787,5265,39.87,24.72 ,240,19.76
1787,5275,39.74,24.62 ,240,19.84
1787,5285,39.58,25.36 ,220,19.95
1787,5295,39.35,24.17 ,200,20.01
1787,5305,39.01,26.29 ,240,20.03
1787,5315,38.55,26.31 ,240,19.94
1787,5325,38.04,26.32 ,240,19.64
1787,5335,37.56,26.34 ,240,19.1
1787,5345,37.17,26.30 ,240,18.34
1787,5355,36.88,25.37 ,260,17.5
1787,5365,36.68,24.54 ,280,16.66
1787,5375,36.58,24.38 ,280,15.9
1787,5385,36.55,24.15 ,280,15.36
1787,5395,36.51,23.87 ,280,15.06
1787,5405,36.33,23.62 ,280,14.97
1787,5415,36.03,23.45 ,280,15
1787,5425,35.57,23.38 ,280,15.03
1787,5435,35.04,23.34 ,280,14.92
1787,5445,34.51,23.27 ,280,14.49
1787,5455,34.06,23.46 ,280,13.66
1787,5465,33.75,23.48 ,280,12.5
1787,5475,33.56,23.66 ,300,11.34
1787,5485,33.51,23.73 ,300,10.5
1787,5495,33.53,24.72 ,280,10.08
1787,5505,33.54,25.29 ,260,9.98
1787,5515,33.51,23.67 ,220,10.02
1787,5525,33.46,23.80 ,220,9.92
1787,5535,33.44,23.76 ,220,9.51
1787,5545,33.49,23.53 ,220,8.78
1787,5555,33.63,23.19 ,220,7.9
1787,5565,33.79,22.85 ,220,7.17
1787,5575,33.89,22.58 ,220,6.68
1787,5585,33.93,22.40 ,220,6.27
1787,5595,33.98,22.29 ,220,5.82
1787,5605,34.14,22.35 ,220,5.37
1787,5615,34.44,21.95 ,200,5.07
1787,5625,34.74,22.27 ,200,4.97
1787,5635,34.92,22.45 ,200,4.98
1787,5645,34.97,22.30 ,200,5
1787,5655,34.95,21.97 ,200,5
1795,4996,65.86,24.62 ,240,25
1795,5006,64.85,25.36 ,220,25
1795,5016,64.35,24.17 ,200,25
1795,5026,63.86,26.29 ,240,25
1795,5036,63.37,26.31 ,240,25
1795,5046,62.88,26.32 ,240,25
1795,5056,62.34,26.34 ,240,25
1795,5066,61.72,26.30 ,240,25
1795,5076,61.02,25.37 ,260,25
1795,5086,60.22,24.54 ,280,25
1795,5096,59.34,24.38 ,280,25
1795,5106,58.37,24.15 ,280,25
1795,5116,57.37,23.87 ,280,25.01
1795,5126,56.35,23.62 ,280,25.03
1795,5136,55.33,23.45 ,280,24.92
1795,5146,54.33,23.38 ,280,24.5
1795,5156,53.39,23.34 ,280,23.66
1795,5166,52.59,23.27 ,280,22.5
1795,5176,51.85,23.46 ,280,21.34
1795,5186,51.11,23.48 ,280,20.5
1795,5196,50.31,23.66 ,300,20.08
1795,5206,49.38,23.73 ,300,19.96
1795,5216,48.38,24.72 ,280,20
1795,5226,47.35,25.29 ,260,20.03
1795,5236,46.33,23.67 ,220,19.88
1795,5246,45.35,23.80 ,220,19.46
1795,5256,44.43,23.76 ,220,18.82
1795,5266,43.53,23.53 ,220,18.06
1795,5276,42.6,23.19 ,220,17.31
1795,5286,41.63,22.85 ,220,16.6
1795,5296,40.68,22.58 ,220,15.9
1795,5306,39.79,22.40 ,220,15.36
1795,5316,38.91,22.29 ,220,15.08
1795,5326,37.97,22.35 ,220,15
1795,5336,36.96,21.95 ,200,14.9
1795,5346,35.93,22.27 ,200,14.49
1795,5356,34.98,22.45 ,200,13.66
1795,5366,34.17,22.30 ,200,12.5
1795,5376,33.48,21.97 ,200,11.34
1795,5386,32.93,19.87 ,180,10.5
1795,5396,32.44,21.11 ,200,10.08
1795,5406,31.96,21.00 ,200,9.96
1795,5416,31.46,20.36 ,200,9.98
1795,5426,30.96,20.10 ,200,10.02
1795,5436,30.46,19.81 ,200,10.03
1795,5446,29.94,19.63 ,200,9.93
1795,5456,29.44,20.93 ,220,9.63
1795,5466,28.99,20.48 ,240,9.17
1795,5476,28.61,20.59 ,240,8.71
1795,5486,28.28,20.88 ,220,8.42
1795,5496,27.94,20.91 ,220,8.25
1795,5506,27.61,20.86 ,220,7.96
1795,5516,27.31,20.12 ,220,7.42
1795,5526,27.09,19.99 ,220,6.68
1795,5536,26.97,19.94 ,220,5.91
1795,5546,26.94,19.91 ,220,5.35
1795,5556,26.96,18.94 ,200,5.06
1795,5566,26.96,20.41 ,220,4.97
1795,5576,26.89,20.91 ,240,4.98
1795,5586,26.8,21.01 ,240,5
1795,5596,26.82,21.10 ,240,5
1795,5606,26.99,21.06 ,240,5
1795,5616,27.29,21.94 ,260,5
1795,5626,27.74,21.86 ,260,5
1795,5636,28.21,21.82 ,260,5
1795,5646,28.68,21.92 ,260,5
1795,5656,29.13,21.99 ,260,5
1795,5666,29.59,21.98 ,260,5
1795,5676,30.06,21.93 ,260,5
1795,5686,30.53,23.07 ,280,5
1835,5016,47.02,23.66 ,300,25.01
1835,5026,46.5,23.73 ,300,25.01
1835,5036,46,24.72 ,280,25.01
1835,5046,45.5,25.29 ,260,25.01
1835,5056,45.02,23.67 ,220,25.01
1835,5066,44.52,23.80 ,220,25.01
1835,5076,43.95,23.76 ,220,25.03
1835,5086,43.28,23.53 ,220,24.92
1835,5096,42.53,23.19 ,220,24.5
1835,5106,41.78,22.85 ,220,23.66
1835,5116,41.09,22.58 ,220,22.5
1835,5126,40.43,22.40 ,220,21.34
1835,5136,39.88,22.29 ,220,20.5
1835,5146,39.38,22.35 ,220,20.09
1835,5156,38.91,21.95 ,200,20
1835,5166,38.41,22.27 ,200,19.91
1835,5176,37.84,22.45 ,200,19.5
1835,5186,37.2,22.30 ,200,18.66
1835,5196,36.59,21.97 ,200,17.5
1835,5206,35.94,19.87 ,180,16.34
1835,5216,35.39,21.11 ,200,15.52
1835,5226,34.88,21.00 ,200,15.11
1835,5236,34.37,20.36 ,200,14.89
1835,5246,33.86,20.10 ,200,14.48
1835,5256,33.41,19.81 ,200,13.66
1835,5266,33.12,19.63 ,200,12.5
1835,5276,32.93,20.93 ,220,11.34
1835,5286,32.83,20.48 ,240,10.5
1835,5296,32.72,20.59 ,240,10.08
1835,5306,32.58,20.88 ,220,9.96
1835,5316,32.41,20.91 ,220,9.98
1835,5326,32.24,20.86 ,220,9.96
1835,5336,32.04,20.12 ,220,9.87
1835,5346,31.78,19.99 ,220,9.81
1835,5356,31.43,19.94 ,220,9.81
1835,5366,30.99,19.91 ,220,9.87
1835,5376,30.49,18.94 ,200,9.96
1835,5386,29.97,20.41 ,220,10.01
1835,5396,29.46,20.91 ,240,10.03
1835,5406,28.95,21.01 ,240,9.92
1835,5416,28.44,21.10 ,240,9.5
1835,5426,27.98,21.06 ,240,8.66
1835,5436,27.68,21.94 ,260,7.5
1835,5446,27.48,21.86 ,260,6.34
1835,5456,27.44,21.82 ,260,5.5
1835,5466,27.45,21.92 ,260,5.08
1835,5476,27.46,21.99 ,260,4.96
1835,5486,27.47,21.98 ,260,4.98
1835,5496,27.47,21.93 ,260,5
1835,5506,27.47,23.07 ,280,5
1835,5516,27.47,22.90 ,280,5
1835,5526,27.47,22.66 ,280,5
1835,5536,27.47,23.58 ,260,5
1835,5546,27.47,22.69 ,280,5
1835,5556,27.47,22.48 ,280,5
1835,5566,27.47,22.34 ,280,5
1835,5576,27.47,22.28 ,280,5
1835,5586,27.47,21.54 ,280,5
1835,5596,27.47,21.48 ,280,5
1835,5606,27.47,20.52 ,260,5
1835,5616,27.46,20.50 ,260,5
1835,5626,27.43,20.43 ,260,5
1835,5636,27.43,20.44 ,240,5
1835,5646,27.6,20.35 ,240,5
1835,5656,27.93,20.26 ,240,5
1835,5666,28.43,19.54 ,220,5
1835,5676,29.09,19.70 ,220,5
1835,5686,29.93,19.92 ,220,5
1835,5696,30.8,20.19 ,220,5.02
1835,5706,31.66,20.43 ,220,5.03
1840,5048,58.04,20.12 ,220,20.19
1840,5058,56.52,19.99 ,220,20.19
1840,5068,55.49,19.94 ,220,20.19
1840,5078,53.97,19.91 ,220,20.19
1840,5088,52.97,18.94 ,200,20.19
1840,5098,51.91,20.41 ,220,20.19
1840,5108,50.93,20.91 ,240,19.47
1840,5118,50.01,21.01 ,240,18.62
1840,5128,49.21,21.10 ,240,17.48
1840,5138,48.47,21.06 ,240,16.34
1840,5148,47.73,21.94 ,260,15.5
1840,5158,46.93,21.86 ,260,15.08
1840,5168,46,21.82 ,260,14.97
1840,5178,44.99,21.92 ,260,15
1840,5188,43.97,21.99 ,260,15.04
1840,5198,42.95,21.98 ,260,14.92
1840,5208,41.94,21.93 ,260,14.5
1840,5218,40.99,23.07 ,280,13.66
1840,5228,40.18,22.90 ,280,12.5
1840,5238,39.49,22.66 ,280,11.34
1840,5248,38.94,23.58 ,260,10.5
1840,5258,38.45,22.69 ,280,10.08
1840,5268,37.97,22.48 ,280,9.97
1840,5278,37.47,22.34 ,280,9.98
1840,5288,36.97,22.28 ,280,10.01
1840,5298,36.47,21.54 ,280,10.03
1840,5308,35.95,21.48 ,280,9.93
1840,5318,35.45,20.52 ,260,9.61
1840,5328,35,20.50 ,260,9.15
1840,5338,34.64,20.43 ,260,8.8
1840,5348,34.29,20.44 ,240,8.71
1840,5358,33.91,20.35 ,240,8.66
1840,5368,33.5,20.26 ,240,8.29
1840,5378,33.18,19.54 ,220,7.43
1840,5388,32.99,19.70 ,220,6.35
1840,5398,32.94,19.92 ,220,5.5
1840,5408,32.95,20.19 ,220,5.08
1840,5418,32.97,20.43 ,220,4.97
1840,5428,32.99,20.59 ,220,4.99
1840,5438,32.99,20.60 ,220,5
1840,5448,32.94,20.40 ,220,5
1840,5458,32.81,20.00 ,220,5
1840,5468,32.63,20.92 ,240,5
1840,5478,32.5,20.48 ,240,5
1840,5488,32.45,19.42 ,220,5
1840,5498,32.45,19.31 ,220,5
1840,5508,32.47,20.25 ,240,5
1840,5518,32.47,19.57 ,220,5
1840,5528,32.47,17.88 ,200,5
1840,5538,32.47,17.61 ,200,5
1840,5548,32.47,17.42 ,200,5
1840,5558,32.47,17.30 ,200,5
1840,5568,32.47,17.26 ,200,5
1840,5578,32.45,17.25 ,200,5
1840,5588,32.45,17.25 ,200,5
1840,5598,32.49,17.23 ,200,5
1840,5608,32.6,17.12 ,200,5
1840,5618,32.82,15.66 ,180,4.97
1840,5628,33.12,15.56 ,180,4.87
1840,5638,33.47,15.52 ,180,4.78
1840,5648,33.84,15.51 ,180,4.76
1840,5658,34.2,15.72 ,180,4.81
1840,5668,34.6,17.37 ,200,4.91
1840,5678,35.06,17.54 ,200,4.98
1840,5688,35.56,19.35 ,240,5
1840,5698,36.03,19.42 ,240,5
1840,5708,36.41,18.81 ,220,5
1840,5718,36.75,20.09 ,200,5
1840,5728,37.08,19.93 ,200,5
1840,5738,37.41,18.92 ,220,4.98
1850,5069,36.45,22.69 ,280,15
1850,5079,35.94,22.48 ,280,15
1850,5089,35.43,22.34 ,280,15
1850,5099,34.93,22.28 ,280,15
1850,5109,34.43,21.54 ,280,15
1850,5119,33.95,21.48 ,280,15
1850,5129,33.45,20.52 ,260,15.02
1850,5139,32.9,20.50 ,260,15.04
1850,5149,32.25,20.43 ,260,14.92
1850,5159,31.58,20.44 ,240,14.5
1850,5169,31.02,20.35 ,240,13.66
1850,5179,30.61,20.26 ,240,12.5
1850,5189,30.24,19.54 ,220,11.34
1850,5199,29.88,19.70 ,220,10.5
1850,5209,29.44,19.92 ,220,10.08
1850,5219,28.95,20.19 ,220,9.96
1850,5229,28.44,20.43 ,220,9.98
1850,5239,27.93,20.59 ,220,10.02
1850,5249,27.43,20.60 ,220,10.03
1850,5259,26.92,20.40 ,220,9.93
1850,5269,26.41,20.00 ,220,9.63
1850,5279,25.96,20.92 ,240,9.19
1850,5289,25.58,20.48 ,240,8.73
1850,5299,25.23,19.42 ,220,8.32
1850,5309,24.9,19.31 ,220,7.8
1850,5319,24.62,20.25 ,240,6.95
1850,5329,24.49,19.57 ,220,5.68
1850,5339,24.5,17.88 ,200,4.17
1850,5349,24.66,17.61 ,200,2.66
1850,5359,24.95,17.42 ,200,1.42
1850,5369,25.39,17.30 ,200,0.58
1850,5379,25.89,17.26 ,200,0.16
1850,5389,26.39,17.25 ,200,0
1850,5399,26.89,17.25 ,200,0
1850,5409,27.39,17.23 ,200,0
1850,5419,27.89,17.12 ,200,0
1850,5429,28.39,15.66 ,180,0
1850,5439,28.89,15.56 ,180,0
1850,5449,29.37,15.52 ,180,0
1850,5459,29.84,15.51 ,180,0
1850,5469,30.21,15.72 ,180,2.08
1850,5479,30.39,17.37 ,200,3.86
1850,5489,30.42,17.54 ,200,5.72
1850,5499,30.29,19.35 ,240,7.12
1850,5509,29.98,19.42 ,240,7.91
1850,5519,29.64,18.81 ,220,8.19
1850,5529,29.31,20.09 ,200,8.2
1850,5539,29,19.93 ,200,8.21
1850,5549,28.67,18.92 ,220,8.17
1850,5559,28.32,18.76 ,220,7.76
1850,5569,28.04,18.48 ,220,6.75
1850,5579,27.94,18.11 ,220,5.16
1850,5589,28.07,17.76 ,220,3.28
1850,5599,28.5,18.76 ,200,1.67
1850,5609,29.23,18.72 ,200,0.65
1850,5619,30.18,18.67 ,200,0
1850,5629,31.19,18.57 ,200,0
1850,5639,32.16,18.42 ,200,0.96
1850,5649,33.03,17.74 ,200,1.37
1850,5659,33.86,17.51 ,200,1.69
1850,5669,34.69,17.43 ,200,2.04
1850,5679,35.49,18.64 ,220,2.58
1850,5689,36.21,18.80 ,220,3.33
1850,5699,36.83,18.94 ,220,4.09
1850,5709,37.38,18.62 ,240,4.63
1850,5719,37.88,18.53 ,240,4.91
1850,5729,38.35,18.40 ,240,5.11
1850,5739,38.74,17.36 ,220,5.52
1850,5749,38.97,17.31 ,220,6.36
1850,5759,38.98,18.89 ,240,7.53
1867,5117,39.22,18.92 ,220,9.93
1867,5127,39.06,18.76 ,220,9.93
1867,5137,38.83,18.48 ,220,9.93
1867,5147,38.41,18.11 ,220,9.93
1867,5157,37.83,17.76 ,220,9.93
1867,5167,37.08,18.76 ,200,9.93
1867,5177,36.16,18.72 ,200,9.62
1867,5187,35.21,18.67 ,200,9.14
1867,5197,34.34,18.57 ,200,8.76
1867,5207,33.56,18.42 ,200,8.76
1867,5217,32.82,17.74 ,200,9.14
1867,5227,32.04,17.51 ,200,9.63
1867,5237,31.2,17.43 ,200,9.97
1867,5247,30.38,18.64 ,220,9.96
1867,5257,29.64,18.80 ,220,9.52
1867,5267,29.08,18.94 ,220,8.66
1867,5277,28.73,18.62 ,240,7.5
1867,5287,28.54,18.53 ,240,6.34
1867,5297,28.49,18.40 ,240,5.5
1867,5307,28.49,17.36 ,220,5.08
1867,5317,28.56,17.31 ,220,4.96
1867,5327,28.76,18.89 ,240,4.98
1867,5337,29.08,18.68 ,240,5
1867,5347,29.53,18.36 ,240,5
1867,5357,29.99,18.00 ,240,5
1867,5367,30.37,17.72 ,240,5
1867,5377,30.71,17.63 ,240,5
1867,5387,31.09,17.63 ,240,5
1867,5397,31.54,18.63 ,260,5
1867,5407,32.01,18.58 ,260,5
1867,5417,32.39,18.40 ,260,5
1867,5427,32.69,18.17 ,260,5
1867,5437,32.93,18.04 ,260,5
1867,5447,33.17,16.97 ,240,5
1867,5457,33.43,17.03 ,240,5
1867,5467,33.69,16.98 ,240,5
1867,5477,33.9,16.80 ,240,5
1867,5487,34.02,15.22 ,220,5
1867,5497,34.06,16.87 ,240,4.99
1867,5507,34.06,16.93 ,240,4.97
1867,5517,34.06,16.97 ,240,5.08
1867,5527,34.07,16.91 ,240,5.5
1867,5537,34.02,16.82 ,240,6.35
1867,5547,33.8,17.54 ,260,7.53
1867,5557,33.45,17.55 ,260,8.59
1867,5567,32.97,17.35 ,280,9.11
1867,5577,32.5,18.12 ,300,9.06
1867,5587,32.12,18.05 ,300,8.8
1867,5597,31.79,17.98 ,300,8.78
1867,5607,31.43,17.95 ,300,9.14
1867,5617,30.98,17.22 ,280,9.61
1867,5627,30.48,17.31 ,280,9.95
1867,5637,29.98,17.36 ,280,10.07
1867,5647,29.46,17.34 ,280,9.94
1867,5657,28.88,17.30 ,280,9.5
1867,5667,28.29,17.87 ,300,8.66
1867,5677,27.83,16.28 ,280,7.5
1867,5687,27.6,16.40 ,280,6.34
1867,5697,27.65,15.13 ,260,5.5
1867,5707,27.89,15.18 ,260,5.07
1867,5717,28.19,16.95 ,280,4.96
1867,5727,28.48,16.92 ,280,4.98
1867,5737,28.76,16.83 ,280,5
1867,5747,29.02,17.58 ,300,5
1867,5757,29.31,17.46 ,300,5
1867,5767,29.61,17.39 ,300,5
1867,5777,29.84,17.89 ,280,5
1867,5787,29.89,19.59 ,300,5
1867,5797,29.79,19.73 ,300,5
1867,5807,29.53,19.27 ,320,5
1870,5198,49.98,15.79 ,320,10
1870,5208,48.99,15.99 ,320,10
1870,5218,47.99,16.27 ,320,10
1870,5228,46.99,16.55 ,320,10
1870,5238,45.99,16.77 ,320,10
1870,5248,44.99,16.89 ,320,10
1870,5258,43.99,16.92 ,320,10
1870,5268,42.99,16.15 ,300,10
1870,5278,41.99,14.79 ,280,10
1870,5288,40.99,16.52 ,300,10
1870,5298,39.99,17.30 ,320,10.02
1870,5308,38.98,16.69 ,360,10.04
1870,5318,37.97,16.49 ,360,9.92
1870,5328,36.96,16.32 ,360,9.5
1870,5338,36.01,15.15 ,340,8.66
1870,5348,35.2,15.27 ,340,7.5
1870,5358,34.51,15.44 ,340,6.34
1870,5368,33.96,15.54 ,340,5.5
1870,5378,33.47,15.62 ,340,5.08
1870,5388,32.99,15.61 ,340,4.98
1870,5398,32.49,15.48 ,340,5.02
1870,5408,31.97,14.42 ,320,4.92
1870,5418,31.46,14.17 ,320,4.5
1870,5428,31.01,12.72 ,300,3.66
1870,5438,30.7,11.20 ,280,2.52
1870,5448,30.51,12.49 ,300,1.39
1870,5458,30.45,12.61 ,300,0.58
1870,5468,30.45,12.81 ,300,0.16
1870,5478,30.45,13.36 ,260,0
1870,5488,30.45,14.04 ,260,0
1870,5498,30.45,14.81 ,260,0
1870,5508,30.45,15.44 ,260,0
1870,5518,30.45,15.86 ,260,0
1870,5528,30.45,16.04 ,260,0
1870,5538,30.45,16.09 ,260,0
1870,5548,30.45,17.46 ,280,0
1870,5558,30.45,17.74 ,300,0
1870,5568,30.45,17.55 ,300,0
1870,5578,30.45,17.18 ,300,0
1870,5588,30.45,16.74 ,300,0
1870,5598,30.45,16.40 ,300,0
1870,5608,30.45,16.35 ,300,0
1870,5618,30.45,15.49 ,280,0
1870,5628,30.45,15.76 ,300,0
1870,5638,30.45,16.37 ,300,0
1870,5648,30.45,16.86 ,300,0
1870,5658,30.45,16.38 ,280,0
1870,5668,30.45,16.59 ,280,0
1870,5678,30.45,16.66 ,280,0
1870,5688,30.45,18.18 ,300,0
1870,5698,30.45,19.27 ,340,0
1870,5708,30.45,19.31 ,320,0
1870,5718,30.45,19.55 ,320,0
1870,5728,30.45,19.66 ,320,0
1870,5738,30.45,18.97 ,300,0
1870,5748,30.45,19.10 ,300,0
1870,5758,30.46,19.31 ,300,0
1870,5768,30.64,19.51 ,300,0
1870,5778,30.93,19.70 ,300,0
1870,5788,31.38,19.87 ,300,0
1870,5798,31.89,20.02 ,300,0
1870,5808,32.41,20.71 ,320,0
1870,5818,32.91,20.67 ,320,0
1870,5828,33.41,20.83 ,300,0
1870,5838,33.91,20.70 ,300,0
1870,5848,34.41,20.65 ,300,0
1870,5858,34.91,20.67 ,300,0
1870,5868,35.41,20.61 ,320,0
1870,5878,35.91,20.71 ,300,0
1870,5888,36.41,19.66 ,280,0
2582,7263,113.35,41.95 ,180,45.03
2582,7273,113.06,41.71 ,200,45.03
2582,7283,112.86,41.54 ,200,45.03
2582,7293,112.7,42.15 ,160,45.03
2582,7303,112.49,42.06 ,140,45.03
2582,7313,112.19,41.89 ,140,45.03
2582,7323,111.77,41.71 ,140,44.92
2582,7333,111.29,41.60 ,140,44.5
2582,7343,110.85,41.75 ,160,43.75
2582,7353,110.51,41.88 ,180,42.97
2582,7363,110.28,41.81 ,180,42.5
2582,7373,110.06,41.22 ,160,42.36
2582,7383,109.81,41.46 ,140,42.25
2582,7393,109.58,41.21 ,140,41.82
2582,7403,109.43,40.70 ,140,41.11
2582,7413,109.32,40.19 ,160,40.46
2582,7423,109.14,39.89 ,160,40.07
2582,7433,108.85,39.63 ,160,39.96
2582,7443,108.4,38.93 ,140,39.98
2582,7453,107.88,38.84 ,140,40
2582,7463,107.33,38.75 ,140,40
2582,7473,106.82,38.82 ,160,40
2582,7483,106.5,38.70 ,160,40
2582,7493,106.3,39.88 ,140,40
2582,7503,106.25,39.57 ,120,40
2582,7513,106.36,39.53 ,120,40
2582,7523,106.48,39.44 ,120,40
2582,7533,106.58,39.79 ,140,40
2582,7543,106.69,39.63 ,140,40
2582,7553,106.82,39.52 ,140,39.96
2582,7563,106.9,39.45 ,140,39.86
2582,7573,106.82,37.24 ,240,39.81
2582,7583,106.58,36.89 ,260,39.82
2582,7593,106.14,36.32 ,260,39.79
2582,7603,105.54,35.81 ,260,39.59
2582,7613,104.79,35.14 ,240,39.07
2582,7623,104.05,35.00 ,240,38.3
2582,7633,103.42,34.89 ,240,37.52
2582,7643,102.92,34.77 ,240,37.05
2582,7653,102.5,34.23 ,220,37.03
2582,7663,102.06,34.29 ,240,37.51
2582,7673,101.45,34.54 ,220,38.26
2582,7683,100.6,34.70 ,220,38.94
2582,7693,99.56,35.06 ,220,39.37
2582,7703,98.38,34.90 ,240,39.55
2582,7713,97.17,35.74 ,220,39.58
2582,7723,95.98,35.49 ,220,39.45
2582,7733,94.84,34.99 ,220,38.96
2582,7743,93.79,34.78 ,240,38.1
2582,7753,92.84,34.81 ,220,36.98
2582,7763,91.98,34.46 ,220,35.89
2582,7773,91.21,34.35 ,220,35.16
2582,7783,90.44,34.26 ,220,34.69
2582,7793,89.61,34.18 ,220,34.22
2582,7803,88.72,34.31 ,220,33.52
2582,7813,87.91,34.31 ,220,32.44
2582,7823,87.2,34.79 ,200,31.28
2582,7833,86.62,34.53 ,200,30.54
2582,7843,86.09,34.68 ,200,30.42
2582,7853,85.53,35.00 ,200,30.85
2582,7863,84.91,35.34 ,200,31.61
2582,7873,84.2,35.44 ,200,32.37
2582,7883,83.41,35.14 ,200,32.94
2582,7893,82.57,35.99 ,180,33.17
2582,7903,81.72,35.58 ,180,33.01
2582,7913,80.93,35.17 ,180,32.63
2582,7923,80.21,34.73 ,180,32.32
2582,7933,79.51,33.77 ,160,32.33
2582,7943,78.78,33.94 ,180,32.58
2582,7953,77.98,33.88 ,180,32.7
2597,7356,51.9,36.15 ,220,40
2597,7366,51.43,36.08 ,240,40
2597,7376,50.86,35.59 ,260,40
2597,7386,50.27,35.07 ,240,40
2597,7396,49.74,34.96 ,240,40
2597,7406,49.25,36.18 ,220,40
2597,7416,48.76,36.18 ,220,40
2597,7426,48.26,35.99 ,220,40
2597,7436,47.76,35.70 ,220,40
2597,7446,47.26,35.16 ,200,40.01
2597,7456,46.75,34.80 ,200,40.03
2597,7466,46.24,34.32 ,200,39.92
2597,7476,45.71,33.88 ,200,39.35
2597,7486,45.32,33.43 ,180,38.16
2597,7496,45.08,33.22 ,180,36.75
2597,7506,44.97,33.19 ,180,35.59
2597,7516,45.01,33.23 ,180,35
2597,7526,45.03,33.25 ,180,34.92
2597,7536,45.03,34.90 ,220,34.96
2597,7546,45.04,34.77 ,220,35
2597,7556,45.05,34.52 ,220,35.03
2597,7566,45.06,34.32 ,240,34.93
2597,7576,44.96,33.64 ,220,34.63
2597,7586,44.76,33.47 ,200,34.17
2597,7596,44.49,34.05 ,200,33.71
2597,7606,44.13,33.97 ,200,33.42
2597,7616,43.77,33.93 ,200,33.25
2597,7626,43.44,33.83 ,200,32.96
2597,7636,43.13,33.73 ,200,32.42
2597,7646,42.91,33.50 ,200,31.67
2597,7656,42.8,33.53 ,180,30.91
2597,7666,42.78,34.03 ,220,30.35
2597,7676,42.8,33.37 ,200,30.06
2597,7686,42.76,33.24 ,200,29.97
2597,7696,42.57,33.06 ,200,30
2597,7706,42.24,32.79 ,200,29.9
2597,7716,41.8,32.44 ,200,29.5
2597,7726,41.35,28.03 ,320,28.98
2597,7736,40.95,27.98 ,320,28.43
2597,7746,40.59,27.89 ,320,27.93
2597,7756,40.24,27.80 ,340,27.51
2597,7766,39.91,28.16 ,320,27.03
2597,7776,39.66,28.37 ,320,26.55
2597,7786,39.44,29.32 ,300,26.25
2597,7796,39.25,29.45 ,300,26.1
2597,7806,39.06,29.46 ,300,26.06
2597,7816,38.92,29.41 ,300,26.09
2597,7826,38.66,28.77 ,280,26.07
2597,7836,38.23,28.80 ,320,25.78
2597,7846,37.72,28.13 ,320,25.09
2597,7856,37.2,27.45 ,320,24.03
2597,7866,36.82,26.80 ,320,22.87
2597,7876,36.59,26.18 ,320,21.91
2597,7886,36.4,25.55 ,320,21.21
2597,7896,36.3,24.46 ,280,20.68
2597,7906,36.27,24.71 ,300,20.3
2597,7916,36.27,25.62 ,280,20.06
2597,7926,36.27,25.86 ,280,19.97
2597,7936,36.27,26.07 ,280,19.98
2597,7946,36.27,26.23 ,280,19.99
2597,7956,36.26,25.94 ,280,19.99
2597,7966,36.26,26.12 ,280,19.99
2597,7976,36.26,26.28 ,280,19.99
2597,7986,36.26,26.29 ,280,19.99
2597,7996,36.23,26.04 ,280,19.67
2597,8006,36.25,25.73 ,280,18.91
2597,8016,36.39,26.44 ,260,18.37
2597,8026,36.54,25.88 ,240,18.37
2597,8036,36.6,27.86 ,280,18.89
2597,8046,36.5,27.80 ,280,19.64
2603,7352,77.52,35.39 ,180,40
2603,7362,77.01,35.16 ,180,40
2603,7372,76.5,35.19 ,180,40
2603,7382,76,35.77 ,200,40
2603,7392,75.5,36.15 ,220,40
2603,7402,75,36.08 ,240,40
2603,7412,74.5,35.59 ,260,40
2603,7422,74,35.07 ,240,40
2603,7432,73.5,34.96 ,240,40
2603,7442,73,36.18 ,220,40.02
2603,7452,72.49,36.18 ,220,40.02
2603,7462,71.97,35.99 ,220,39.8
2603,7472,71.47,35.70 ,220,39.21
2603,7482,71.08,35.16 ,200,38.25
2603,7492,70.8,34.80 ,200,37.14
2603,7502,70.67,34.32 ,200,36.19
2603,7512,70.62,33.88 ,200,35.46
2603,7522,70.58,33.43 ,180,34.83
2603,7532,70.57,33.22 ,180,34.34
2603,7542,70.54,33.19 ,180,34.14
2603,7552,70.45,33.23 ,180,34.27
2603,7562,70.21,33.25 ,180,34.54
2603,7572,69.82,34.90 ,220,34.56
2603,7582,69.39,34.77 ,220,34.22
2603,7592,68.98,34.52 ,220,33.67
2603,7602,68.63,34.32 ,240,33.04
2603,7612,68.35,33.64 ,220,32.39
2603,7622,68.13,33.47 ,200,31.66
2603,7632,68.02,34.05 ,200,30.91
2603,7642,68,33.97 ,200,30.35
2603,7652,68,33.93 ,200,30.06
2603,7662,67.98,33.83 ,200,29.97
2603,7672,67.87,33.73 ,200,29.98
2603,7682,67.66,33.50 ,200,30
2603,7692,67.36,33.53 ,180,30
2603,7702,66.98,34.03 ,220,30
2603,7712,66.52,33.37 ,200,30
2603,7722,66.01,33.24 ,200,29.95
2603,7732,65.51,33.06 ,200,29.83
2603,7742,65.02,28.05 ,300,29.75
2603,7752,64.47,27.98 ,300,29.75
2603,7762,63.88,28.03 ,320,29.82
2603,7772,63.29,27.98 ,320,29.93
2603,7782,62.76,27.89 ,320,30
2603,7792,62.27,27.80 ,340,30.05
2603,7802,61.79,28.16 ,320,30.14
2603,7812,61.32,28.37 ,320,30.26
2603,7822,60.87,29.32 ,300,30.38
2603,7832,60.43,29.45 ,300,30.49
2603,7842,59.98,29.46 ,300,30.56
2603,7852,59.54,29.41 ,300,30.59
2603,7862,59.09,28.77 ,280,30.57
2603,7872,58.65,28.80 ,320,30.28
2603,7882,58.2,28.13 ,320,29.48
2603,7892,57.76,27.45 ,320,28.08
2603,7902,57.34,26.80 ,320,26.22
2603,7912,56.98,26.18 ,320,24.27
2603,7922,56.61,25.55 ,320,22.55
2603,7932,56.37,24.46 ,280,21.24
2603,7942,56.33,24.71 ,300,20.44
2603,7952,56.35,25.62 ,280,20.07
2603,7962,56.39,25.86 ,280,19.96
2603,7972,56.4,26.07 ,280,19.87
2603,7982,56.43,26.23 ,280,19.63
2603,7992,56.45,25.94 ,280,19.44
2603,8002,56.43,26.12 ,280,19.43
2603,8012,56.35,26.28 ,280,19.6
2603,8022,56.25,26.29 ,280,19.85
2603,8032,56.21,26.04 ,280,19.96
2603,8042,56.25,25.73 ,280,19.96
2608,7387,115.77,34.03 ,220,36.48
2608,7397,114.77,33.37 ,200,36.48
2608,7407,114.25,33.24 ,200,36.48
2608,7417,113.25,33.06 ,200,36.48
2608,7427,112.77,32.79 ,200,36.48
2608,7437,112.06,32.44 ,200,36.48
2608,7447,111.35,32.46 ,180,36.21
2608,7457,110.59,33.10 ,220,35.83
2608,7467,109.85,32.98 ,220,35.37
2608,7477,109.13,33.59 ,200,35.07
2608,7487,108.38,33.73 ,200,34.97
2608,7497,107.55,33.87 ,200,34.98
2608,7507,106.67,33.99 ,200,35
2608,7517,105.77,34.21 ,220,35
2608,7527,104.86,34.36 ,220,34.93
2608,7537,103.97,34.48 ,220,34.7
2608,7547,103.14,34.48 ,220,34.44
2608,7557,102.35,34.69 ,180,34.35
2608,7567,101.53,34.35 ,180,34.49
2608,7577,100.53,33.63 ,180,34.77
2608,7587,99.36,32.23 ,200,34.86
2608,7597,98.05,31.69 ,200,34.49
2608,7607,96.74,32.40 ,240,33.66
2608,7617,95.52,32.28 ,240,32.5
2608,7627,94.36,32.38 ,220,31.34
2608,7637,93.31,32.22 ,220,30.5
2608,7647,92.31,31.99 ,220,30.08
2608,7657,91.32,31.73 ,220,29.96
2608,7667,90.33,31.53 ,220,30
2608,7677,89.32,31.72 ,200,30.03
2608,7687,88.31,31.76 ,200,29.92
2608,7697,87.3,32.02 ,220,29.49
2608,7707,86.34,31.89 ,220,28.66
2608,7717,85.57,31.70 ,220,27.5
2608,7727,84.85,31.79 ,240,26.34
2608,7737,84.11,31.63 ,240,25.5
2608,7747,83.38,31.51 ,240,25.08
2608,7757,82.71,29.99 ,200,24.96
2608,7767,82.18,29.71 ,200,24.98
2608,7777,81.71,29.31 ,200,25
2608,7787,81.2,28.70 ,220,24.9
2608,7797,80.71,29.18 ,240,24.65
2608,7807,80.26,25.28 ,320,24.37
2608,7817,79.8,25.00 ,320,24.07
2608,7827,79.29,24.84 ,320,23.71
2608,7837,78.7,24.05 ,300,23.22
2608,7847,78.1,23.93 ,300,22.49
2608,7857,77.5,23.77 ,300,21.65
2608,7867,76.93,23.62 ,300,20.9
2608,7877,76.41,23.56 ,320,20.35
2608,7887,75.95,23.49 ,320,20.05
2608,7897,75.54,24.64 ,340,19.96
2608,7907,75.13,24.47 ,340,19.98
2608,7917,74.72,24.23 ,340,19.99
2608,7927,74.3,24.02 ,340,19.99
2608,7937,73.88,23.27 ,320,19.99
2608,7947,73.47,22.97 ,340,19.99
2608,7957,73.05,23.09 ,360,19.99
2608,7967,72.63,23.03 ,360,19.99
2608,7977,72.22,22.15 ,340,19.99
2608,7987,71.8,22.07 ,340,20.01
2608,7997,71.38,22.02 ,340,20.03
2608,8007,70.94,23.06 ,320,19.91
2608,8017,70.52,22.99 ,320,19.49
2608,8027,70.15,22.79 ,320,18.65
2608,8037,69.93,22.55 ,320,17.5
2608,8047,69.83,22.34 ,320,16.34
2608,8057,69.87,21.57 ,300,15.5
2608,8067,69.92,21.52 ,260,15.07
2608,8077,69.93,22.02 ,280,14.96
2610,7394,26.02,33.10 ,220,30
2610,7404,26.07,32.98 ,220,30
2610,7414,26.57,33.59 ,200,30
2610,7424,27.05,33.73 ,200,30
2610,7434,27.55,33.87 ,200,30
2610,7444,28.05,33.99 ,200,30
2610,7454,28.55,34.21 ,220,30
2610,7464,29.06,34.36 ,220,30
2610,7474,29.56,34.48 ,220,30
2610,7484,30.01,34.48 ,220,29.98
2610,7494,30.43,34.69 ,180,29.96
2610,7504,30.86,34.35 ,180,30.07
2610,7514,31.33,33.63 ,180,30.48
2610,7524,31.8,32.23 ,200,31.23
2610,7534,32.14,31.69 ,200,32.13
2610,7544,32.3,32.40 ,240,32.78
2610,7554,32.27,32.28 ,240,32.99
2610,7564,32.14,32.38 ,220,32.71
2610,7574,31.93,32.22 ,220,32.07
2610,7584,31.75,31.99 ,220,31.42
2610,7594,31.63,31.73 ,220,30.87
2610,7604,31.58,31.53 ,220,30.45
2610,7614,31.56,31.72 ,200,30.22
2610,7624,31.57,31.76 ,200,30.06
2610,7634,31.59,32.02 ,220,29.97
2610,7644,31.55,31.89 ,220,29.98
2610,7654,31.35,31.70 ,220,30.02
2610,7664,31.04,31.79 ,240,29.99
2610,7674,30.57,31.63 ,240,29.7
2610,7684,30.07,31.51 ,240,28.92
2610,7694,29.73,29.99 ,200,27.6
2610,7704,29.56,29.71 ,200,25.88
2610,7714,29.55,29.31 ,200,24.17
2610,7724,29.71,28.70 ,220,22.91
2610,7734,30,29.18 ,240,22.2
2610,7744,30.28,30.14 ,200,21.97
2610,7754,30.51,30.36 ,220,21.98
2610,7764,30.7,29.67 ,240,22
2610,7774,30.87,29.44 ,240,21.95
2610,7784,30.99,29.18 ,240,21.92
2610,7794,31.01,28.99 ,240,22.04
2610,7804,30.92,28.82 ,240,22.23
2610,7814,30.7,29.01 ,220,22.26
2610,7824,30.42,28.87 ,220,21.8
2610,7834,30.26,27.12 ,200,20.73
2610,7844,30.25,26.85 ,200,19.38
2610,7854,30.38,26.69 ,200,18.28
2610,7864,30.64,26.73 ,200,17.65
2610,7874,30.9,26.94 ,200,17.33
2610,7884,31.17,22.97 ,340,17.05
2610,7894,31.49,23.09 ,360,16.86
2610,7904,31.83,23.03 ,360,16.81
2610,7914,32.16,22.15 ,340,16.95
2610,7924,32.45,22.07 ,340,17.27
2610,7934,32.71,22.02 ,340,17.67
2610,7944,32.96,23.06 ,320,18.24
2610,7954,33.11,22.99 ,320,18.96
2610,7964,33.12,22.79 ,320,19.6
2610,7974,32.92,22.55 ,320,20.07
2610,7984,32.59,22.34 ,320,20.39
2610,7994,32.08,21.57 ,300,20.65
2610,8004,31.49,21.52 ,260,20.87
2610,8014,30.86,22.02 ,280,20.99
2610,8024,30.25,21.93 ,280,21.03
2610,8034,29.65,23.02 ,300,21.05
2610,8044,29.04,23.07 ,300,21.03
2610,8054,28.42,23.14 ,300,20.72
2610,8064,27.84,23.11 ,300,19.92
2610,8074,27.43,22.62 ,320,18.61
2610,8084,27.11,22.17 ,320,17.05
2612,7431,56.43,29.67 ,240,25
2612,7441,56.12,29.44 ,240,25
2612,7451,55.67,29.18 ,240,25
2612,7461,55.08,28.99 ,240,25
2612,7471,54.37,28.82 ,240,25
2612,7481,53.65,29.01 ,220,25
2612,7491,52.95,28.87 ,220,25
2612,7501,52.23,27.12 ,200,25
2612,7511,51.5,26.85 ,200,25
2612,7521,50.98,26.69 ,200,25
2612,7531,50.64,26.73 ,200,25
2612,7541,50.5,26.94 ,200,25
2612,7551,50.56,28.27 ,180,25.02
2612,7561,50.81,28.85 ,160,25.03
2612,7571,50.98,28.81 ,160,24.92
2612,7581,51.02,28.63 ,160,24.5
2612,7591,51.04,28.39 ,160,23.66
2612,7601,51.22,28.52 ,200,22.5
2612,7611,51.53,29.19 ,220,21.34
2612,7621,51.98,29.17 ,220,20.5
2612,7631,52.46,29.20 ,220,19.82
2612,7641,53.01,28.48 ,240,19.1
2612,7651,53.66,28.55 ,240,18.69
2612,7661,54.35,28.57 ,240,18.7
2612,7671,55,28.58 ,240,19.13
2612,7681,55.53,28.58 ,220,19.74
2612,7691,56.02,28.61 ,220,20
2612,7701,56.53,27.58 ,200,20
2612,7711,56.98,28.06 ,220,20
2612,7721,57.27,27.69 ,220,19.98
2612,7731,57.41,27.27 ,220,19.96
2612,7741,57.43,27.76 ,200,20.08
2612,7751,57.27,27.80 ,200,20.5
2612,7761,57.08,28.87 ,180,21.34
2612,7771,56.86,29.07 ,200,22.5
2612,7781,56.57,28.96 ,200,23.66
2612,7791,56.12,28.63 ,200,24.49
2612,7801,55.61,27.47 ,200,24.92
2612,7811,55.09,27.26 ,200,25.03
2612,7821,54.59,27.84 ,220,25.01
2612,7831,54.11,29.02 ,200,25
2612,7841,53.61,29.02 ,200,25
2612,7851,53.07,28.97 ,200,25
2612,7861,52.42,29.42 ,220,25
2612,7871,51.7,29.28 ,220,25
2612,7881,51.05,29.08 ,220,25
2612,7891,50.58,28.76 ,220,25
2612,7901,50.28,28.35 ,220,25
2612,7911,50.13,27.25 ,240,25
2612,7921,50.16,26.86 ,240,25
2612,7931,50.24,26.47 ,240,25
2612,7941,50.3,26.39 ,200,25
2612,7951,50.37,26.50 ,220,25
2612,7961,50.43,26.48 ,220,24.78
2612,7971,50.43,19.93 ,340,24.26
2612,7981,50.37,19.64 ,340,23.9
2612,7991,50.19,19.17 ,340,23.9
2612,8001,49.8,18.67 ,340,24.26
2612,8011,49.17,19.01 ,360,24.77
2612,8021,48.54,18.95 ,360,24.99
2612,8031,48.03,19.02 ,360,24.99
2612,8041,47.63,19.06 ,360,24.99
2612,8051,46.95,19.00 ,360,24.98
2612,8061,46.17,18.97 ,360,24.94
2612,8071,45.16,19.99 ,380,24.91
2612,8081,44.24,19.64 ,360,24.94
2612,8091,43.46,20.01 ,360,25.06
2612,8101,42.83,19.05 ,340,25.23
2612,8111,42.08,18.94 ,340,25.37
2612,8121,41.28,18.53 ,340,25.45
2615,7452,51.53,28.48 ,240,20
2615,7462,50.89,28.55 ,240,20
2615,7472,50.19,28.57 ,240,20
2615,7482,50.05,28.58 ,240,20
2615,7492,50.02,28.58 ,220,20
2615,7502,50.05,28.61 ,220,20
2615,7512,50.05,27.58 ,200,20
2615,7522,50.05,28.06 ,220,20
2615,7532,50.05,27.69 ,220,20
2615,7542,50.05,27.27 ,220,20
2615,7552,50.03,27.76 ,200,20
2615,7562,50.02,27.80 ,200,20
2615,7572,50.07,28.87 ,180,20
2615,7582,50.26,29.07 ,200,20
2615,7592,50.57,28.96 ,200,20
2615,7602,51.02,28.63 ,200,20
2615,7612,51.53,27.47 ,200,20
2615,7622,52.04,27.26 ,200,20
2615,7632,52.55,27.84 ,220,20
2615,7642,53.05,29.02 ,200,20
2615,7652,53.55,29.02 ,200,20
2615,7662,54.05,28.97 ,200,20
2615,7672,54.55,29.42 ,220,20
2615,7682,55.05,29.28 ,220,20
2615,7692,55.53,29.08 ,220,19.87
2615,7702,56.03,28.76 ,220,19.45
2615,7712,56.62,28.35 ,220,18.96
2615,7722,57.28,27.25 ,240,18.74
2615,7732,57.94,26.86 ,240,18.93
2615,7742,58.54,26.47 ,240,19.54
2615,7752,59.05,26.39 ,200,20.36
2615,7762,59.49,26.50 ,220,21.23
2615,7772,59.84,26.48 ,220,22.13
2615,7782,60.02,26.45 ,220,22.77
2615,7792,60.06,26.35 ,220,22.94
2615,7802,60.11,26.26 ,220,22.88
2615,7812,60.23,26.28 ,220,22.95
2615,7822,60.43,25.88 ,200,23.39
2615,7832,60.58,25.91 ,200,24.07
2615,7842,60.62,26.29 ,220,24.64
2615,7852,60.61,26.31 ,220,24.94
2615,7862,60.6,27.34 ,240,25.03
2615,7872,60.59,27.17 ,240,25.01
2615,7882,60.58,26.11 ,220,25
2615,7892,60.57,25.96 ,220,25
2615,7902,60.56,25.72 ,220,25
2615,7912,60.57,25.21 ,240,25
2615,7922,60.61,24.73 ,240,24.98
2615,7932,60.66,24.25 ,240,24.95
2615,7942,60.72,23.84 ,240,24.96
2615,7952,60.78,23.52 ,240,25.08
2615,7962,60.81,24.25 ,220,25.31
2615,7972,60.82,24.09 ,220,25.6
2615,7982,60.81,23.86 ,220,25.83
2615,7992,60.75,23.59 ,220,25.95
2615,8002,60.52,23.22 ,220,25.97
2615,8012,60.15,22.95 ,220,25.75
2615,8022,59.69,17.55 ,360,25.25
2615,8032,59.17,17.50 ,360,24.91
2615,8042,58.7,17.53 ,360,24.91
2615,8052,58.21,17.43 ,360,25.25
2615,8062,57.3,17.12 ,360,25.74
2615,8072,56.13,16.84 ,360,25.95
2615,8082,54.78,16.86 ,360,25.95
2615,8092,53.09,17.25 ,360,25.95
2615,8102,51.52,17.83 ,360,25.95
2615,8112,50.09,18.46 ,360,25.95
2615,8122,48.67,18.91 ,360,25.98
2615,8132,47.34,19.24 ,360,25.9
2615,8142,46.11,19.47 ,360,25.28
2618,7418,71.58,32.02 ,220,34.77
2618,7428,71.07,31.89 ,220,34.77
2618,7438,70.57,31.70 ,220,34.77
2618,7448,70.58,31.79 ,240,34.77
2618,7458,70.1,31.63 ,240,34.77
2618,7468,69.63,31.51 ,240,34.77
2618,7478,68.9,29.99 ,200,34.95
2618,7488,68.05,29.71 ,200,34.54
2618,7498,67.1,29.31 ,200,33.68
2618,7508,66.15,28.70 ,220,32.5
2618,7518,65.16,29.18 ,240,31.34
2618,7528,64.28,30.14 ,200,30.5
2618,7538,63.49,30.36 ,220,30.08
2618,7548,62.71,29.67 ,240,29.97
2618,7558,61.91,29.44 ,240,29.98
2618,7568,61.1,29.18 ,240,30
2618,7578,60.26,28.99 ,240,29.84
2618,7588,59.49,28.82 ,240,29.46
2618,7598,58.84,29.01 ,220,29.19
2618,7608,58.22,28.87 ,220,29.19
2618,7618,57.46,27.12 ,200,29.46
2618,7628,56.49,26.85 ,200,29.85
2618,7638,55.34,26.69 ,200,30.03
2618,7648,54.06,26.73 ,200,29.93
2618,7658,52.8,26.94 ,200,29.63
2618,7668,51.58,28.27 ,180,29.19
2618,7678,50.38,28.85 ,160,28.73
2618,7688,49.19,28.81 ,160,28.32
2618,7698,48.03,28.63 ,160,27.82
2618,7708,46.96,28.39 ,160,27.09
2618,7718,46.03,28.52 ,200,26.22
2618,7728,45.24,29.19 ,220,25.48
2618,7738,44.61,29.17 ,220,25.07
2618,7748,44.08,29.20 ,220,24.96
2618,7758,43.58,28.48 ,240,24.98
2618,7768,43.11,28.55 ,240,25
2618,7778,42.67,28.57 ,240,25.02
2618,7788,42.24,28.58 ,240,25.03
2618,7798,41.83,28.58 ,220,24.92
2618,7808,41.43,28.61 ,220,24.49
2618,7818,41.08,27.58 ,200,23.66
2618,7828,40.88,28.06 ,220,22.5
2618,7838,40.82,27.69 ,220,21.34
2618,7848,40.86,27.27 ,220,20.5
2618,7858,40.78,27.76 ,200,20.08
2618,7868,40.57,27.80 ,200,19.84
2618,7878,40.23,21.66 ,340,19.55
2618,7888,39.79,20.27 ,320,19.25
2618,7898,39.29,20.20 ,320,18.95
2618,7908,38.71,20.22 ,320,18.63
2618,7918,38.02,21.26 ,340,18.2
2618,7928,37.26,21.25 ,340,17.49
2618,7938,36.55,21.22 ,340,16.65
2618,7948,35.92,20.78 ,360,15.9
2618,7958,35.38,19.82 ,340,15.35
2618,7968,34.88,19.30 ,340,15.06
2618,7978,34.38,18.90 ,340,14.96
2618,7988,33.87,18.86 ,340,14.98
2618,7998,33.4,17.87 ,320,14.99
2618,8008,33.02,18.41 ,320,15.01
2618,8018,32.77,18.94 ,320,15.03
2618,8028,32.61,19.35 ,320,14.92
2618,8038,32.52,19.34 ,300,14.49
2618,8048,32.49,19.40 ,300,13.65
2618,8058,32.6,19.88 ,340,12.5
2618,8068,32.82,19.45 ,340,11.34
2618,8078,33.19,19.82 ,320,10.5
2618,8088,33.65,19.93 ,340,10.08
2618,8098,34.01,19.64 ,340,9.96
2618,8108,34.13,19.17 ,340,9.98
2619,7479,52.33,27.25 ,240,20
2619,7489,52.16,26.86 ,240,20
2619,7499,52.06,26.47 ,240,20
2619,7509,52.05,26.39 ,200,20
2619,7519,52.12,26.50 ,220,20
2619,7529,52.29,26.48 ,220,20
2619,7539,52.58,26.45 ,220,19.99
2619,7549,52.91,26.35 ,220,19.97
2619,7559,53.22,26.26 ,220,20.03
2619,7569,53.49,26.28 ,220,20.34
2619,7579,53.73,25.88 ,200,20.97
2619,7589,53.98,25.91 ,200,21.86
2619,7599,54.2,26.29 ,220,22.79
2619,7609,54.36,26.31 ,220,23.48
2619,7619,54.47,27.34 ,240,23.87
2619,7629,54.56,27.17 ,240,24.01
2619,7639,54.66,26.11 ,220,24.03
2619,7649,54.75,25.96 ,220,24.02
2619,7659,54.83,25.72 ,220,23.8
2619,7669,54.94,25.21 ,240,23.18
2619,7679,55.15,24.73 ,240,22.14
2619,7689,55.49,24.25 ,240,20.93
2619,7699,55.95,23.84 ,240,19.78
2619,7709,56.54,23.52 ,240,18.94
2619,7719,57.25,24.25 ,220,18.86
2619,7729,57.94,24.09 ,220,19.47
2619,7739,58.54,23.86 ,220,20.44
2619,7749,59.01,23.59 ,220,21.43
2619,7759,59.41,23.22 ,220,22.07
2619,7769,59.81,22.95 ,220,22.54
2619,7779,60.08,21.26 ,180,22.9
2619,7789,60.23,21.14 ,180,22.99
2619,7799,60.36,21.07 ,180,22.85
2619,7809,60.56,21.05 ,180,22.53
2619,7819,60.9,20.98 ,180,22.11
2619,7829,61.31,22.66 ,220,21.57
2619,7839,61.78,22.37 ,240,20.91
2619,7849,62.33,22.26 ,240,20.36
2619,7859,62.93,22.12 ,240,20.06
2619,7869,63.54,21.32 ,260,19.97
2619,7879,64.14,21.13 ,260,19.97
2619,7889,64.75,20.86 ,260,19.95
2619,7899,65.4,20.45 ,260,20.01
2619,7909,65.87,20.00 ,260,20.34
2619,7919,66.09,19.65 ,260,21.07
2619,7929,65.96,19.38 ,260,22.13
2619,7939,65.5,19.28 ,260,23.23
2619,7949,64.65,19.22 ,260,24.03
2619,7959,63.75,20.15 ,280,24.45
2619,7969,63.02,18.91 ,260,24.57
2619,7979,62.43,18.56 ,260,24.56
2619,7989,61.99,18.30 ,260,24.57
2619,7999,61.55,18.18 ,260,24.57
2619,8009,61.08,18.16 ,260,24.34
2619,8019,60.62,18.08 ,260,23.69
2619,8029,60.3,18.30 ,280,22.57
2619,8039,60.12,17.88 ,300,21.03
2619,8049,60.09,18.72 ,340,19.51
2619,8059,60.24,18.40 ,320,18.69
2619,8069,60.48,18.55 ,320,18.67
2619,8079,60.61,19.04 ,300,19.2
2619,8089,60.43,19.72 ,300,19.8
2619,8099,60.06,19.31 ,320,20.01
2619,8109,59.66,19.02 ,320,19.99
2619,8119,59.45,18.44 ,320,19.96
2619,8129,59.39,17.88 ,320,19.97
2619,8139,59.43,17.58 ,320,20.11
2619,8149,59.41,17.65 ,320,20.46
2619,8159,59.41,18.00 ,320,21
2619,8169,59.48,18.45 ,320,21.57
2621,7374,81.11,34.90 ,220,40
2621,7384,80.57,34.77 ,220,40
2621,7394,79.98,34.52 ,220,40
2621,7404,79.31,34.32 ,240,40
2621,7414,78.59,33.64 ,220,40
2621,7424,77.8,33.47 ,200,40
2621,7434,76.92,34.05 ,200,40
2621,7444,75.96,33.97 ,200,40
2621,7454,74.96,33.93 ,200,40.02
2621,7464,73.94,33.83 ,200,40.03
2621,7474,72.92,33.73 ,200,39.92
2621,7484,71.91,33.50 ,200,39.52
2621,7494,70.96,33.53 ,180,38.78
2621,7504,70.13,34.03 ,220,37.87
2621,7514,69.41,33.37 ,200,37.04
2621,7524,68.76,33.24 ,200,36.48
2621,7534,68.13,33.06 ,200,36.07
2621,7544,67.51,32.79 ,200,35.68
2621,7554,66.93,32.44 ,200,35.33
2621,7564,66.4,32.46 ,180,35.06
2621,7574,65.91,33.10 ,220,34.97
2621,7584,65.41,32.98 ,220,34.98
2621,7594,64.91,33.59 ,200,35
2621,7604,64.42,33.73 ,200,35
2621,7614,63.94,33.87 ,200,35.01
2621,7624,63.47,33.99 ,200,35.03
2621,7634,63,34.21 ,220,34.93
2621,7644,62.56,34.36 ,220,34.63
2621,7654,62.17,34.48 ,220,34.18
2621,7664,61.84,34.48 ,220,33.73
2621,7674,61.58,34.69 ,180,33.32
2621,7684,61.3,34.35 ,180,32.83
2621,7694,60.88,33.63 ,180,32.09
2621,7704,60.43,32.23 ,200,31.21
2621,7714,59.9,31.69 ,200,30.48
2621,7724,59.25,32.40 ,240,30.03
2621,7734,58.47,32.28 ,240,29.83
2621,7744,57.53,24.71 ,300,29.78
2621,7754,56.55,25.62 ,280,29.8
2621,7764,55.56,25.86 ,280,29.88
2621,7774,54.57,26.07 ,280,29.98
2621,7784,53.54,26.23 ,280,29.93
2621,7794,52.48,25.94 ,280,29.63
2621,7804,51.43,26.12 ,280,29.09
2621,7814,50.48,26.28 ,280,28.33
2621,7824,49.68,26.29 ,280,27.49
2621,7834,48.98,26.04 ,280,26.65
2621,7844,48.36,25.73 ,280,25.89
2621,7854,47.82,26.44 ,260,25.35
2621,7864,47.32,25.88 ,240,25.07
2621,7874,46.83,27.86 ,280,24.99
2621,7884,46.31,27.80 ,280,24.9
2621,7894,45.79,27.39 ,280,24.49
2621,7904,45.34,26.81 ,280,23.65
2621,7914,45.05,26.22 ,280,22.49
2621,7924,44.87,25.28 ,320,21.34
2621,7934,44.74,25.00 ,320,20.5
2621,7944,44.52,24.84 ,320,20.07
2621,7954,44.19,24.05 ,300,19.96
2621,7964,43.7,23.93 ,300,19.98
2621,7974,43.12,23.77 ,300,20.01
2621,7984,42.53,23.62 ,300,20.03
2621,7994,41.94,23.56 ,320,19.92
2621,8004,41.34,23.49 ,320,19.34
2621,8014,40.88,24.64 ,340,18.16
2621,8024,40.57,24.47 ,340,16.76
2621,8034,40.39,24.23 ,340,15.61
2621,8044,40.35,24.02 ,340,15.01
2621,8054,40.3,23.27 ,320,14.85
2621,8064,40.23,22.97 ,340,14.61
2623,7387,50.27,34.03 ,220,40
2623,7397,49.99,33.37 ,200,40
2623,7407,49.64,33.24 ,200,40
2623,7417,49.26,33.06 ,200,40
2623,7427,48.85,32.79 ,200,40
2623,7437,48.39,32.44 ,200,40
2623,7447,47.89,32.46 ,180,39.95
2623,7457,47.38,33.10 ,220,39.82
2623,7467,46.9,32.98 ,220,39.61
2623,7477,46.45,33.59 ,200,39.38
2623,7487,46.03,33.73 ,200,39.2
2623,7497,45.62,33.87 ,200,39.11
2623,7507,45.22,33.99 ,200,39.05
2623,7517,44.83,34.21 ,220,38.97
2623,7527,44.44,34.36 ,220,38.92
2623,7537,44.01,34.48 ,220,38.94
2623,7547,43.49,34.48 ,220,39.01
2623,7557,42.91,34.69 ,180,38.88
2623,7567,42.33,34.35 ,180,38.3
2623,7577,41.81,33.63 ,180,37.24
2623,7587,41.31,32.23 ,200,36.01
2623,7597,40.85,31.69 ,200,35.08
2623,7607,40.41,32.40 ,240,34.7
2623,7617,39.95,32.28 ,240,34.75
2623,7627,39.43,32.38 ,220,34.95
2623,7637,38.87,32.22 ,220,34.94
2623,7647,38.33,31.99 ,220,34.51
2623,7657,37.88,31.73 ,220,33.66
2623,7667,37.59,31.53 ,220,32.5
2623,7677,37.4,31.72 ,200,31.34
2623,7687,37.32,31.76 ,200,30.5
2623,7697,37.21,32.02 ,220,30.07
2623,7707,37.02,31.89 ,220,29.96
2623,7717,36.73,31.70 ,220,29.98
2623,7727,36.34,31.79 ,240,30
2623,7737,35.88,31.63 ,240,29.98
2623,7747,35.37,31.51 ,240,29.93
2623,7757,34.86,27.86 ,280,29.76
2623,7767,34.39,27.80 ,280,29.33
2623,7777,33.97,27.39 ,280,28.55
2623,7787,33.61,26.81 ,280,27.46
2623,7797,33.22,26.22 ,280,26.33
2623,7807,32.87,25.28 ,320,25.5
2623,7817,32.43,25.00 ,320,25.07
2623,7827,31.94,24.84 ,320,24.96
2623,7837,31.42,24.05 ,300,24.99
2623,7847,30.91,23.93 ,300,25.03
2623,7857,30.39,23.77 ,300,24.91
2623,7867,29.89,23.62 ,300,24.49
2623,7877,29.46,23.56 ,320,23.65
2623,7887,29.18,23.49 ,320,22.49
2623,7897,28.87,24.64 ,340,21.35
2623,7907,28.56,24.47 ,340,20.53
2623,7917,28.17,24.23 ,340,19.99
2623,7927,27.64,24.02 ,340,19.45
2623,7937,27.18,23.27 ,320,18.63
2623,7947,26.87,22.97 ,340,17.49
2623,7957,26.64,23.09 ,360,16.34
2623,7967,26.48,23.03 ,360,15.5
2623,7977,26.29,22.15 ,340,15.07
2623,7987,26.04,22.07 ,340,14.96
2623,7997,25.77,22.02 ,340,14.99
2623,8007,25.49,23.06 ,320,15.03
2623,8017,25.2,22.99 ,320,14.92
2623,8027,24.92,22.79 ,320,14.51
2623,8037,24.71,22.55 ,320,13.78
2623,8047,24.63,22.34 ,320,12.9
2623,8057,24.64,21.57 ,300,12.17
2623,8067,24.63,21.52 ,260,11.68
2623,8077,24.5,22.02 ,280,11.14
2625,7448,45.1,28.52 ,200,30
2625,7458,44.8,29.19 ,220,30
2625,7468,44.36,29.17 ,220,30
2625,7478,43.82,29.20 ,220,30
2625,7488,43.23,28.48 ,240,30
2625,7498,42.62,28.55 ,240,30
2625,7508,42.03,28.57 ,240,30
2625,7518,41.56,28.58 ,240,30.02
2625,7528,41.27,28.58 ,220,30.04
2625,7538,41.14,28.61 ,220,29.92
2625,7548,41.22,27.58 ,200,29.5
2625,7558,41.54,28.06 ,220,28.66
2625,7568,42.19,27.69 ,220,27.5
2625,7578,43.02,27.27 ,220,26.34
2625,7588,43.98,27.76 ,200,25.5
2625,7598,44.99,27.80 ,200,25.08
2625,7608,46.03,28.87 ,180,24.96
2625,7618,47.02,29.07 ,200,24.81
2625,7628,47.8,28.96 ,200,24.42
2625,7638,48.4,28.63 ,200,24.14
2625,7648,48.71,27.47 ,200,24.14
2625,7658,48.63,27.26 ,200,24.42
2625,7668,48.15,27.84 ,220,24.82
2625,7678,47.39,29.02 ,200,25
2625,7688,46.43,29.02 ,200,25
2625,7698,45.41,28.97 ,200,25
2625,7708,44.41,29.42 ,220,25.01
2625,7718,43.4,29.28 ,220,25.03
2625,7728,42.38,29.08 ,220,24.92
2625,7738,41.37,28.76 ,220,24.49
2625,7748,40.42,28.35 ,220,23.66
2625,7758,39.62,27.25 ,240,22.5
2625,7768,38.94,26.86 ,240,21.34
2625,7778,38.4,26.47 ,240,20.5
2625,7788,37.86,26.39 ,200,20.08
2625,7798,37.16,26.50 ,220,19.96
2625,7808,36.32,26.48 ,220,19.98
2625,7818,35.3,26.45 ,220,20.01
2625,7828,34.19,26.35 ,220,20
2625,7838,33.19,26.26 ,220,19.95
2625,7848,32.38,26.28 ,220,19.83
2625,7858,31.77,25.88 ,200,19.61
2625,7868,31.38,25.91 ,200,19.36
2625,7878,31.2,26.29 ,220,19.15
2625,7888,31.22,26.31 ,220,19.04
2625,7898,31.3,27.34 ,240,19.01
2625,7908,31.37,27.17 ,240,19.02
2625,7918,31.41,26.11 ,220,19.05
2625,7928,31.47,25.96 ,220,19.04
2625,7938,31.53,25.72 ,220,18.81
2625,7948,31.57,25.21 ,240,18.18
2625,7958,31.53,24.73 ,240,17.16
2625,7968,31.45,24.25 ,240,16.01
2625,7978,31.34,23.84 ,240,15.05
2625,7988,31.07,23.52 ,240,14.13
2625,7998,30.82,17.80 ,360,13.01
2625,8008,30.95,18.06 ,360,11.78
2625,8018,31.34,17.85 ,340,10.7
2625,8028,32.02,17.88 ,340,10.08
2625,8038,32.88,18.73 ,360,9.95
2625,8048,33.76,17.37 ,340,9.96
2625,8058,34.63,17.55 ,360,9.98
2625,8068,35.5,17.50 ,360,10
2625,8078,36.38,17.53 ,360,10
2625,8088,37.09,17.43 ,360,9.99
2625,8098,37.64,17.12 ,360,10
2625,8108,38.03,16.84 ,360,10
2625,8118,38.19,16.86 ,360,10.01
2625,8128,38.73,17.25 ,360,10.03
2625,8138,39.6,17.83 ,360,9.92
2628,7514,79.81,22.66 ,220,25
2628,7524,79.44,22.37 ,240,25
2628,7534,78.48,22.26 ,240,25
2628,7544,77.97,22.12 ,240,25
2628,7554,77.46,21.32 ,260,25
2628,7564,76.95,21.13 ,260,25
2628,7574,76.46,20.86 ,260,25
2628,7584,75.94,20.45 ,260,25
2628,7594,75.42,20.00 ,260,25
2628,7604,74.95,19.65 ,260,25
2628,7614,74.6,19.38 ,260,25
2628,7624,74.37,19.28 ,260,25
2628,7634,74.27,19.22 ,260,25
2628,7644,74.23,20.15 ,280,25
2628,7654,74.21,18.91 ,260,25
2628,7664,74.17,18.56 ,260,25
2628,7674,74.11,18.30 ,260,25
2628,7684,74.08,18.18 ,260,25
2628,7694,74.06,18.16 ,260,25.02
2628,7704,74.01,18.08 ,260,25.03
2628,7714,73.78,18.30 ,280,24.64
2628,7724,73.52,17.88 ,300,23.55
2628,7734,73.25,17.45 ,280,22.38
2628,7744,72.98,17.25 ,280,21.8
2628,7754,72.66,16.43 ,260,22.29
2628,7764,72.22,16.42 ,260,23.74
2628,7774,71.76,16.36 ,260,25.29
2628,7784,71.2,16.70 ,240,26.41
2628,7794,70.47,16.55 ,240,27.06
2628,7804,69.72,16.45 ,240,27.29
2628,7814,68.98,15.53 ,260,27.29
2628,7824,68.24,16.52 ,280,27.3
2628,7834,67.51,16.37 ,280,27.27
2628,7844,66.81,16.08 ,280,26.9
2628,7854,66.25,17.24 ,300,25.99
2628,7864,65.94,16.83 ,300,24.49
2628,7874,65.82,16.37 ,300,22.66
2628,7884,65.86,14.96 ,280,21.09
2628,7894,66.07,14.82 ,280,20.16
2628,7904,66.35,14.80 ,280,19.84
2628,7914,66.62,14.41 ,260,19.9
2628,7924,66.86,14.39 ,260,20.01
2628,7934,67.05,14.28 ,260,20.01
2628,7944,67.08,14.10 ,260,20
2628,7954,66.99,13.87 ,260,20
2628,7964,66.7,13.59 ,260,20
2628,7974,66.4,14.48 ,260,20
2628,7984,66.31,14.27 ,260,20
2628,7994,66.33,14.13 ,260,20
2628,8004,66.53,14.07 ,260,20.01
2628,8014,66.81,14.08 ,260,20.03
2628,8024,67.09,15.26 ,280,19.94
2628,8034,67.36,15.35 ,280,19.64
2628,8044,67.74,15.48 ,280,19.1
2628,8054,67.99,15.62 ,280,18.32
2628,8064,68.23,19.02 ,300,17.21
2628,8074,68.43,19.15 ,300,15.83
2628,8084,68.77,19.50 ,320,14.72
2628,8094,69.43,19.40 ,320,14.43
2628,8104,70.03,19.45 ,320,15.23
2628,8114,70.33,19.76 ,320,16.91
2628,8124,70.48,19.38 ,300,18.88
2628,8134,70.5,20.65 ,280,20.65
2628,8144,70.36,21.21 ,280,21.99
2628,8154,70.06,21.47 ,280,22.75
2628,8164,69.78,21.44 ,280,23.03
2628,8174,69.66,20.60 ,260,23.07
2628,8184,69.64,20.52 ,260,23.03
2628,8194,69.74,20.61 ,260,22.69
2628,8204,69.95,20.99 ,260,21.88
2631,7465,53.09,29.07 ,200,30.02
2631,7475,52.58,28.96 ,200,30.02
2631,7485,51.98,28.63 ,200,30.02
2631,7495,51.35,27.47 ,200,30.02
2631,7505,50.75,27.26 ,200,30.02
2631,7515,50.24,27.84 ,220,30.02
2631,7525,49.75,29.02 ,200,30.03
2631,7535,49.23,29.02 ,200,29.9
2631,7545,48.72,28.97 ,200,29.35
2631,7555,48.32,29.42 ,220,28.2
2631,7565,48.1,29.28 ,220,26.44
2631,7575,48.09,29.08 ,220,24.28
2631,7585,48.28,28.76 ,220,22.06
2631,7595,48.61,28.35 ,220,20.15
2631,7605,48.96,27.25 ,240,18.83
2631,7615,49.37,26.86 ,240,18.16
2631,7625,49.64,26.47 ,240,17.96
2631,7635,49.84,26.39 ,200,17.99
2631,7645,50.02,26.50 ,220,18.01
2631,7655,50.2,26.48 ,220,17.95
2631,7665,50.41,26.45 ,220,17.83
2631,7675,50.65,26.35 ,220,17.75
2631,7685,50.9,26.26 ,220,17.91
2631,7695,51.1,26.28 ,220,18.25
2631,7705,51.22,25.88 ,200,18.56
2631,7715,51.3,25.91 ,200,18.89
2631,7725,51.32,26.29 ,220,19.21
2631,7735,51.28,26.31 ,220,19.43
2631,7745,51.18,27.34 ,240,19.35
2631,7755,51.11,27.17 ,240,18.66
2631,7765,51.21,26.11 ,220,17.5
2631,7775,51.43,25.96 ,220,16.34
2631,7785,51.8,25.72 ,220,15.5
2631,7795,52.21,25.21 ,240,15.08
2631,7805,52.51,24.73 ,240,14.96
2631,7815,52.67,24.25 ,240,14.98
2631,7825,52.7,23.84 ,240,15
2631,7835,52.67,23.52 ,240,15.01
2631,7845,52.54,24.25 ,220,15.03
2631,7855,52.25,24.09 ,220,14.92
2631,7865,51.86,23.86 ,220,14.5
2631,7875,51.38,23.59 ,220,13.66
2631,7885,51.05,23.22 ,220,12.5
2631,7895,50.86,22.95 ,220,11.34
2631,7905,50.8,21.26 ,180,10.5
2631,7915,50.81,21.14 ,180,10.08
2631,7925,50.83,21.07 ,180,9.96
2631,7935,50.83,21.05 ,180,9.98
2631,7945,50.83,20.98 ,180,10
2631,7955,50.83,22.66 ,220,10
2631,7965,50.83,22.37 ,240,10
2631,7975,50.83,22.26 ,240,10
2631,7985,50.85,22.12 ,240,10
2631,7995,50.86,21.32 ,260,10
2631,8005,50.81,21.13 ,260,10
2631,8015,50.64,20.86 ,260,10
2631,8025,50.36,20.45 ,260,10
2631,8035,50.03,20.00 ,260,10
2631,8045,49.69,19.65 ,260,10
2631,8055,49.3,19.38 ,260,10.01
2631,8065,48.83,19.28 ,260,10.03
2631,8075,48.31,19.22 ,260,9.92
2631,8085,47.84,20.15 ,280,9.5
2631,8095,47.52,18.91 ,260,8.73
2631,8105,47.37,18.56 ,260,7.88
2631,8115,47.3,18.30 ,260,7.38
2631,8125,47.17,18.18 ,260,7.46
2631,8135,46.91,18.16 ,260,7.93
2631,8145,46.54,18.08 ,260,8.41
2631,8155,46.16,18.30 ,280,8.65
2633,7400,54.06,34.21 ,220,35.27
2633,7410,53.95,34.36 ,220,35.27
2633,7420,53.83,34.48 ,220,35.27
2633,7430,53.73,34.48 ,220,35.27
2633,7440,54.16,34.69 ,180,35.27
2633,7450,54.53,34.35 ,180,35.27
2633,7460,54.86,33.63 ,180,34.97
2633,7470,55.03,32.23 ,200,34.96
2633,7480,55.05,31.69 ,200,34.98
2633,7490,54.98,32.40 ,240,35.01
2633,7500,54.92,32.28 ,240,35.03
2633,7510,54.89,32.38 ,220,34.92
2633,7520,54.91,32.22 ,220,34.49
2633,7530,54.98,31.99 ,220,33.65
2633,7540,55.11,31.73 ,220,32.57
2633,7550,55.24,31.53 ,220,31.68
2633,7560,55.34,31.72 ,200,31.23
2633,7570,55.29,31.76 ,200,31.12
2633,7580,55.15,32.02 ,220,31.03
2633,7590,55.02,31.89 ,220,30.73
2633,7600,54.97,31.70 ,220,30.35
2633,7610,54.97,31.79 ,240,30.06
2633,7620,54.99,31.63 ,240,29.97
2633,7630,54.99,31.51 ,240,29.98
2633,7640,54.99,29.99 ,200,30.01
2633,7650,54.98,29.71 ,200,30.03
2633,7660,54.89,29.31 ,200,29.92
2633,7670,54.69,28.70 ,220,29.49
2633,7680,54.43,29.18 ,240,28.66
2633,7690,54.17,30.14 ,200,27.5
2633,7700,53.97,30.36 ,220,26.34
2633,7710,53.9,29.67 ,240,25.5
2633,7720,53.9,29.44 ,240,25.08
2633,7730,53.93,29.18 ,240,24.96
2633,7740,53.95,28.99 ,240,24.98
2633,7750,53.96,28.82 ,240,25
2633,7760,53.91,29.01 ,220,25
2633,7770,53.71,28.87 ,220,25
2633,7780,53.4,27.12 ,200,25
2633,7790,52.95,26.85 ,200,25
2633,7800,52.46,26.69 ,200,25
2633,7810,51.96,26.73 ,200,25.02
2633,7820,51.4,26.94 ,200,25.03
2633,7830,50.68,28.27 ,180,24.88
2633,7840,49.87,23.09 ,360,24.37
2633,7850,48.99,23.03 ,360,23.48
2633,7860,48.19,22.15 ,340,22.32
2633,7870,47.51,22.07 ,340,21.23
2633,7880,46.95,22.02 ,340,20.5
2633,7890,46.45,23.06 ,320,19.99
2633,7900,45.97,22.99 ,320,19.45
2633,7910,45.54,22.79 ,320,18.63
2633,7920,45.17,22.55 ,320,17.49
2633,7930,44.81,22.34 ,320,16.34
2633,7940,44.49,21.57 ,300,15.5
2633,7950,44.17,21.52 ,260,15.07
2633,7960,43.86,22.02 ,280,14.96
2633,7970,43.46,21.93 ,280,14.98
2633,7980,42.94,23.02 ,300,15.01
2633,7990,42.35,23.07 ,300,15.03
2633,8000,41.74,23.14 ,300,14.92
2633,8010,41.21,23.11 ,300,14.49
2633,8020,40.78,22.62 ,320,13.65
2633,8030,40.47,22.17 ,320,12.49
2633,8040,40.27,21.66 ,340,11.34
2633,8050,40.22,20.27 ,320,10.5
2633,8060,40.23,20.20 ,320,10.08
2633,8070,40.24,20.22 ,320,9.96
2633,8080,40.25,21.26 ,340,9.98
2633,8090,40.26,21.25 ,340,9.99
2637,7534,54.03,18.30 ,280,23.76
2637,7544,53.97,17.88 ,300,23.76
2637,7554,53.77,17.45 ,280,23.76
2637,7564,53.39,17.25 ,280,23.76
2637,7574,52.99,16.43 ,260,23.76
2637,7584,52.94,16.42 ,260,23.76
2637,7594,53.04,16.36 ,260,23.34
2637,7604,53.32,16.70 ,240,22.94
2637,7614,53.76,16.55 ,240,22.5
2637,7624,54.29,16.45 ,240,22.05
2637,7634,54.85,15.53 ,260,21.64
2637,7644,55.43,16.52 ,280,21.33
2637,7654,56.06,16.37 ,280,21.19
2637,7664,56.72,16.08 ,280,21.22
2637,7674,57.28,17.24 ,300,21.28
2637,7684,57.63,16.83 ,300,21.18
2637,7694,57.87,16.37 ,300,20.92
2637,7704,58.02,14.96 ,280,20.77
2637,7714,57.99,14.82 ,280,20.92
2637,7724,57.82,14.80 ,280,21.18
2637,7734,57.64,14.41 ,260,21.28
2637,7744,57.52,14.39 ,260,21.23
2637,7754,57.42,14.28 ,260,21.23
2637,7764,57.29,14.10 ,260,21.3
2637,7774,57.13,13.87 ,260,21.21
2637,7784,56.97,13.59 ,260,20.58
2637,7794,56.97,14.48 ,260,19.49
2637,7804,57.11,14.27 ,260,18.73
2637,7814,57.32,14.13 ,260,18.63
2637,7824,57.47,14.07 ,260,19.09
2637,7834,57.5,14.08 ,260,19.73
2637,7844,57.49,15.26 ,280,20
2637,7854,57.49,15.35 ,280,20
2637,7864,57.45,15.48 ,280,20
2637,7874,57.34,15.62 ,280,20
2637,7884,57.14,15.53 ,280,20
2637,7894,56.78,15.49 ,280,19.98
2637,7904,56.31,14.49 ,260,19.96
2637,7914,55.66,14.26 ,260,19.99
2637,7924,55.08,14.14 ,260,20.1
2637,7934,54.69,14.24 ,260,20.31
2637,7944,54.43,14.48 ,260,20.57
2637,7954,54.33,15.06 ,280,20.77
2637,7964,54.36,15.11 ,280,20.89
2637,7974,54.56,15.03 ,280,20.93
2637,7984,54.79,14.89 ,280,20.93
2637,7994,55,14.76 ,280,20.94
2637,8004,55.22,15.43 ,300,20.95
2637,8014,55.44,15.49 ,300,20.83
2637,8024,55.63,15.59 ,300,20.47
2637,8034,55.71,15.67 ,300,19.92
2637,8044,55.77,15.65 ,300,19.39
2637,8054,55.71,15.97 ,280,19.19
2637,8064,55.62,14.76 ,260,19.36
2637,8074,55.55,14.68 ,260,19.68
2637,8084,55.54,14.63 ,260,19.94
2637,8094,55.55,15.54 ,300,20.03
2637,8104,55.56,14.96 ,280,20.01
2637,8114,55.56,14.98 ,280,20
2637,8124,55.56,14.83 ,280,20
2637,8134,55.56,14.46 ,280,20
2637,8144,55.55,14.01 ,280,20
2637,8154,55.51,13.68 ,280,19.95
2637,8164,55.52,13.66 ,280,19.66
2637,8174,55.79,25.41 ,280,19.19
2637,8184,56.31,26.33 ,280,18.92
2637,8194,57.01,27.08 ,280,19.01
2637,8204,57.9,26.93 ,260,19.4
2637,8214,58.54,27.18 ,260,19.83
2637,8224,59.1,27.34 ,260,19.99
2640,7483,45.19,26.50 ,220,27.43
2640,7493,44,26.48 ,220,27.43
2640,7503,42.79,26.45 ,220,27.43
2640,7513,41.56,26.35 ,220,27.43
2640,7523,40.31,26.26 ,220,27.43
2640,7533,39.28,26.28 ,220,27.43
2640,7543,38.52,25.88 ,200,25.19
2640,7553,38,25.91 ,200,22.62
2640,7563,37.74,26.29 ,220,20.31
2640,7573,37.72,26.31 ,220,18.66
2640,7583,37.95,27.34 ,240,17.77
2640,7593,38.19,27.17 ,240,17.49
2640,7603,38.26,26.11 ,220,17.51
2640,7613,38.19,25.96 ,220,17.54
2640,7623,37.97,25.72 ,220,17.4
2640,7633,37.73,25.21 ,240,17.14
2640,7643,37.52,24.73 ,240,16.92
2640,7653,37.35,24.25 ,240,16.87
2640,7663,37.17,23.84 ,240,16.96
2640,7673,36.93,23.52 ,240,16.85
2640,7683,36.74,24.25 ,220,16.36
2640,7693,36.65,24.09 ,220,15.71
2640,7703,36.65,23.86 ,220,15.19
2640,7713,36.62,23.59 ,220,14.98
2640,7723,36.44,23.22 ,220,14.98
2640,7733,36.13,22.95 ,220,15
2640,7743,35.68,21.26 ,180,15
2640,7753,35.17,21.14 ,180,15
2640,7763,34.64,21.07 ,180,14.89
2640,7773,34.14,21.05 ,180,14.58
2640,7783,33.71,20.98 ,180,14.27
2640,7793,33.32,22.66 ,220,14.21
2640,7803,32.92,22.37 ,240,14.41
2640,7813,32.45,22.26 ,240,14.66
2640,7823,31.94,22.12 ,240,14.6
2640,7833,31.47,21.32 ,260,14.1
2640,7843,31.08,21.13 ,260,13.34
2640,7853,30.79,20.86 ,260,12.5
2640,7863,30.58,20.45 ,260,11.66
2640,7873,30.47,20.00 ,260,10.9
2640,7883,30.43,19.65 ,260,10.35
2640,7893,30.43,19.38 ,260,10.06
2640,7903,30.45,19.28 ,260,9.97
2640,7913,30.47,19.22 ,260,9.98
2640,7923,30.48,20.15 ,280,10
2640,7933,30.42,18.91 ,260,10
2640,7943,30.24,18.56 ,260,10
2640,7953,29.95,18.30 ,260,10
2640,7963,29.63,18.18 ,260,10
2640,7973,29.38,18.16 ,260,10
2640,7983,29.22,18.08 ,260,10
2640,7993,29.1,18.30 ,280,10
2640,8003,28.98,17.88 ,300,10
2640,8013,28.84,17.45 ,280,10
2640,8023,28.7,17.25 ,280,10
2640,8033,28.56,16.43 ,260,10
2640,8043,28.44,16.42 ,260,10
2640,8053,28.32,16.36 ,260,10
2640,8063,28.19,16.70 ,240,10
2640,8073,27.96,16.55 ,240,10.02
2640,8083,27.59,16.45 ,240,10.03
2640,8093,27.07,15.53 ,260,9.93
2640,8103,26.49,16.52 ,280,9.63
2640,8113,25.98,16.37 ,280,9.19
2640,8123,25.58,16.08 ,280,8.73
2640,8133,25.23,17.24 ,300,8.32
2640,8143,24.9,16.83 ,300,7.81
2640,8153,24.66,16.37 ,300,7.06
2640,8163,24.63,14.96 ,280,6.28
2640,8173,24.78,14.82 ,280,5.87
2641,7421,70.42,31.79 ,240,34.92
2641,7431,69.9,31.63 ,240,34.92
2641,7441,68.9,31.51 ,240,34.92
2641,7451,68.4,29.99 ,200,34.92
2641,7461,67.9,29.71 ,200,34.92
2641,7471,67.4,29.31 ,200,34.92
2641,7481,66.9,28.70 ,220,34.5
2641,7491,66.4,29.18 ,240,33.66
2641,7501,65.9,30.14 ,200,32.5
2641,7511,65.4,30.36 ,220,31.34
2641,7521,64.9,29.67 ,240,30.5
2641,7531,64.4,29.44 ,240,30.08
2641,7541,63.9,29.18 ,240,29.97
2641,7551,63.4,28.99 ,240,29.98
2641,7561,62.9,28.82 ,240,30
2641,7571,62.4,29.01 ,220,30.02
2641,7581,61.89,28.87 ,220,29.99
2641,7591,61.38,27.12 ,200,29.8
2641,7601,60.9,26.85 ,200,29.43
2641,7611,60.47,26.69 ,200,28.89
2641,7621,60.11,26.73 ,200,28.2
2641,7631,59.82,26.94 ,200,27.46
2641,7641,59.63,28.27 ,180,26.66
2641,7651,59.52,28.85 ,160,25.9
2641,7661,59.41,28.81 ,160,25.35
2641,7671,59.21,28.63 ,160,25.06
2641,7681,58.89,28.39 ,160,24.97
2641,7691,58.44,28.52 ,200,24.98
2641,7701,57.95,29.19 ,220,25
2641,7711,57.44,29.17 ,220,25
2641,7721,56.89,29.20 ,220,25
2641,7731,56.2,28.48 ,240,25.01
2641,7741,55.38,28.55 ,240,25.03
2641,7751,54.42,28.57 ,240,24.94
2641,7761,53.41,28.58 ,240,24.64
2641,7771,52.43,28.58 ,220,24.1
2641,7781,51.54,28.61 ,220,23.34
2641,7791,50.74,27.58 ,200,22.5
2641,7801,50.04,28.06 ,220,21.66
2641,7811,49.44,27.69 ,220,20.9
2641,7821,48.91,27.27 ,220,20.35
2641,7831,48.37,27.76 ,200,20.06
2641,7841,47.69,27.80 ,200,19.97
2641,7851,46.88,28.87 ,180,20
2641,7861,45.93,29.07 ,200,20.03
2641,7871,44.9,28.96 ,200,19.92
2641,7881,43.88,28.63 ,200,19.49
2641,7891,42.92,27.47 ,200,18.66
2641,7901,42.11,27.26 ,200,17.5
2641,7911,41.42,27.84 ,220,16.3
2641,7921,40.87,20.78 ,360,15.37
2641,7931,40.4,19.82 ,340,14.85
2641,7941,39.95,19.30 ,340,14.71
2641,7951,39.49,18.90 ,340,14.83
2641,7961,39.01,18.86 ,340,15.13
2641,7971,38.48,17.87 ,320,15.51
2641,7981,37.91,18.41 ,320,15.9
2641,7991,37.29,18.94 ,320,16.2
2641,8001,36.64,19.35 ,320,16.35
2641,8011,36,19.34 ,300,16.38
2641,8021,35.36,19.40 ,300,16.37
2641,8031,34.73,19.88 ,340,16.39
2641,8041,34.09,19.45 ,340,16.37
2641,8051,33.44,19.82 ,320,16.04
2641,8061,32.82,19.93 ,340,15.21
2641,8071,32.33,19.64 ,340,13.85
2641,8081,31.91,19.17 ,340,12.19
2641,8091,31.6,18.67 ,340,10.8
2641,8101,31.45,19.01 ,360,10.03
2641,8111,31.27,18.95 ,360,9.81
2643,7560,50.52,14.48 ,260,25.02
2643,7570,49.88,14.27 ,260,25.02
2643,7580,49.16,14.13 ,260,25.02
2643,7590,48.51,14.07 ,260,25.02
2643,7600,47.98,14.08 ,260,25.02
2643,7610,47.51,15.26 ,280,25.02
2643,7620,47.01,15.35 ,280,25.04
2643,7630,46.49,15.48 ,280,24.93
2643,7640,45.98,15.62 ,280,24.5
2643,7650,45.53,15.53 ,280,23.66
2643,7660,45.23,15.49 ,280,22.5
2643,7670,45.03,14.49 ,260,21.34
2643,7680,44.97,14.26 ,260,20.5
2643,7690,44.98,14.14 ,260,20.08
2643,7700,45,14.24 ,260,19.97
2643,7710,45.05,14.48 ,260,19.99
2643,7720,45.13,15.06 ,280,20
2643,7730,45.22,15.11 ,280,20
2643,7740,45.32,15.03 ,280,20
2643,7750,45.41,14.89 ,280,20
2643,7760,45.5,14.76 ,280,20
2643,7770,45.6,15.43 ,300,20
2643,7780,45.68,15.49 ,300,19.73
2643,7790,45.8,15.59 ,300,19.12
2643,7800,45.98,15.67 ,300,18.69
2643,7810,46.12,15.65 ,300,18.69
2643,7820,46.15,15.97 ,280,19.12
2643,7830,46.08,14.76 ,260,19.74
2643,7840,46,14.68 ,260,20
2643,7850,46,14.63 ,260,20
2643,7860,46.02,15.54 ,300,20
2643,7870,46.02,14.96 ,280,20
2643,7880,46.02,14.98 ,280,20
2643,7890,46.02,14.83 ,280,20
2643,7900,46.02,14.46 ,280,20
2643,7910,46.02,14.01 ,280,20
2643,7920,46.02,13.68 ,280,20
2643,7930,46.04,13.66 ,280,20
2643,7940,45.99,13.44 ,260,20
2643,7950,45.86,14.58 ,300,20
2643,7960,45.71,14.71 ,300,20
2643,7970,45.61,14.79 ,300,20
2643,7980,45.6,14.80 ,300,20
2643,7990,45.62,14.85 ,300,20
2643,8000,45.62,14.97 ,300,20
2643,8010,45.62,15.12 ,300,20
2643,8020,45.61,13.86 ,280,20
2643,8030,45.61,14.07 ,280,20
2643,8040,45.61,14.23 ,280,20
2643,8050,45.61,15.28 ,300,20
2643,8060,45.61,15.30 ,300,20.02
2643,8070,45.61,14.97 ,280,20.03
2643,8080,45.59,14.89 ,280,19.92
2643,8090,45.6,14.91 ,280,19.67
2643,8100,45.66,15.04 ,280,19.53
2643,8110,45.75,15.14 ,280,19.73
2643,8120,45.79,15.25 ,280,20.48
2643,8130,45.69,15.31 ,280,21.58
2643,8140,45.46,15.28 ,280,22.58
2643,8150,45.11,15.23 ,280,23.02
2643,8160,44.76,27.08 ,240,22.81
2643,8170,44.52,25.46 ,260,22.52
2643,8180,44.31,25.61 ,260,22.52
2643,8190,44.05,25.82 ,260,22.78
2643,8200,43.71,25.98 ,260,22.97
2643,8210,43.39,26.10 ,260,22.63
2643,8220,43.19,26.24 ,260,21.89
2643,8230,43.1,25.80 ,240,21.14
2643,8240,43.09,26.26 ,240,20.55
2643,8250,43.13,26.72 ,240,20.19
2645,7498,34.53,25.21 ,240,23.69
2645,7508,33.72,24.73 ,240,23.69
2645,7518,32.88,24.25 ,240,23.69
2645,7528,32.07,23.84 ,240,23.69
2645,7538,31.3,23.52 ,240,23.69
2645,7548,30.53,24.25 ,220,23.69
2645,7558,29.82,24.09 ,220,22.54
2645,7568,29.13,23.86 ,220,21.35
2645,7578,28.57,23.59 ,220,20.52
2645,7588,28.06,23.22 ,220,20.11
2645,7598,27.57,22.95 ,220,19.89
2645,7608,27.06,21.26 ,180,19.48
2645,7618,26.61,21.14 ,180,18.66
2645,7628,26.31,21.07 ,180,17.5
2645,7638,26.11,21.05 ,180,16.34
2645,7648,26,20.98 ,180,15.5
2645,7658,25.89,22.66 ,220,15.08
2645,7668,25.81,22.37 ,240,14.97
2645,7678,25.79,22.26 ,240,14.98
2645,7688,25.8,22.12 ,240,15.02
2645,7698,25.77,21.32 ,260,15.03
2645,7708,25.64,21.13 ,260,14.92
2645,7718,25.42,20.86 ,260,14.5
2645,7728,25.17,20.45 ,260,13.66
2645,7738,24.98,20.00 ,260,12.5
2645,7748,24.83,19.65 ,260,11.34
2645,7758,24.77,19.38 ,260,10.5
2645,7768,24.77,19.28 ,260,10.07
2645,7778,24.78,19.22 ,260,9.96
2645,7788,24.79,20.15 ,280,9.98
2645,7798,24.78,18.91 ,260,10
2645,7808,24.78,18.56 ,260,10
2645,7818,24.78,18.30 ,260,10
2645,7828,24.78,18.18 ,260,10
2645,7838,24.79,18.16 ,260,10.02
2645,7848,24.78,18.08 ,260,9.97
2645,7858,24.76,18.30 ,280,9.65
2645,7868,24.8,17.88 ,300,9.01
2645,7878,24.94,17.45 ,280,8.29
2645,7888,25.17,17.25 ,280,7.71
2645,7898,25.44,16.43 ,260,7.47
2645,7908,25.7,16.42 ,260,7.47
2645,7918,25.95,16.36 ,260,7.49
2645,7928,26.19,16.70 ,240,7.41
2645,7938,26.45,16.55 ,240,7.22
2645,7948,26.74,16.45 ,240,6.97
2645,7958,27.08,15.53 ,260,6.76
2645,7968,27.41,16.52 ,280,6.58
2645,7978,27.7,16.37 ,280,6.29
2645,7988,27.97,16.08 ,280,5.83
2645,7998,28.27,17.24 ,300,5.37
2645,8008,28.6,16.83 ,300,5.07
2645,8018,28.88,16.37 ,300,4.97
2645,8028,29.04,14.96 ,280,4.98
2645,8038,29.09,14.82 ,280,5
2645,8048,29.13,14.80 ,280,5
2645,8058,29.25,14.41 ,260,5
2645,8068,29.42,14.39 ,260,5
2645,8078,29.55,14.28 ,260,5
2645,8088,29.6,14.10 ,260,5
2645,8098,29.6,13.87 ,260,5
2645,8108,29.58,13.59 ,260,5
2645,8118,29.58,14.48 ,260,5
2645,8128,29.58,14.27 ,260,5
2645,8138,29.58,14.13 ,260,5
2645,8148,29.58,14.07 ,260,5
2645,8158,29.59,14.08 ,260,5
2645,8168,29.57,15.26 ,280,5
2645,8178,29.54,15.35 ,280,5
2645,8188,29.6,15.48 ,280,5
2649,7576,38.56,15.06 ,280,20.04
2649,7586,38.56,15.11 ,280,20.04
2649,7596,38.56,15.03 ,280,20.04
2649,7606,38.56,14.89 ,280,20.04
2649,7616,38.56,14.76 ,280,20.04
2649,7626,38.58,15.43 ,300,20.04
2649,7636,38.63,15.49 ,300,20.47
2649,7646,38.55,15.59 ,300,21.34
2649,7656,38.2,15.67 ,300,22.59
2649,7666,37.69,15.65 ,300,23.88
2649,7676,37.07,15.97 ,280,24.82
2649,7686,36.49,14.76 ,260,25.33
2649,7696,35.95,14.68 ,260,25.48
2649,7706,35.4,14.63 ,260,25.47
2649,7716,34.86,15.54 ,300,25.48
2649,7726,34.29,14.96 ,280,25.34
2649,7736,33.72,14.98 ,280,24.57
2649,7746,33.38,14.83 ,280,22.85
2649,7756,33.25,14.46 ,280,20.14
2649,7766,33.4,14.01 ,280,16.93
2649,7776,33.81,13.68 ,280,14.25
2649,7786,34.47,13.66 ,280,12.83
2649,7796,35.32,13.44 ,260,12.76
2649,7806,36.04,14.58 ,300,13.58
2649,7816,36.6,14.71 ,300,14.45
2649,7826,37.06,14.79 ,300,14.66
2649,7836,37.57,14.80 ,300,14.19
2649,7846,38.21,14.85 ,300,13.75
2649,7856,38.9,14.97 ,300,13.74
2649,7866,39.54,15.12 ,300,14.16
2649,7876,40.07,13.86 ,280,14.74
2649,7886,40.54,14.07 ,280,15
2649,7896,41.04,14.23 ,280,15
2649,7906,41.54,15.28 ,300,14.98
2649,7916,42.04,15.30 ,300,14.97
2649,7926,42.56,14.97 ,280,15.06
2649,7936,43.08,14.89 ,280,15.35
2649,7946,43.53,14.91 ,280,15.9
2649,7956,43.86,15.04 ,280,16.66
2649,7966,44.06,15.14 ,280,17.5
2649,7976,44.22,15.25 ,280,18.34
2649,7986,44.44,15.31 ,280,19.1
2649,7996,44.71,15.28 ,280,19.64
2649,8006,45.06,15.23 ,280,19.94
2649,8016,45.39,14.62 ,260,20.03
2649,8026,45.63,16.28 ,260,20.01
2649,8036,45.83,16.53 ,260,20
2649,8046,46.08,16.82 ,260,20
2649,8056,46.42,16.25 ,280,20
2649,8066,46.75,16.52 ,280,20
2649,8076,46.99,16.77 ,280,20
2649,8086,47.13,16.92 ,280,20
2649,8096,47.2,16.93 ,280,20
2649,8106,47.21,15.56 ,320,20
2649,8116,47.21,14.76 ,300,20
2649,8126,47.2,15.25 ,320,20
2649,8136,47.2,14.45 ,300,20
2649,8146,47.2,14.59 ,300,20
2649,8156,47.2,14.66 ,300,20
2649,8166,47.2,14.78 ,300,19.98
2649,8176,47.2,14.97 ,300,19.96
2649,8186,47.22,15.26 ,300,20.08
2649,8196,47.23,15.50 ,300,20.5
2649,8206,47.18,16.51 ,320,21.34
2649,8216,46.98,16.56 ,320,22.5
2649,8226,46.65,16.63 ,320,23.44
2649,8236,46.2,16.72 ,320,23.78
2649,8246,45.81,29.26 ,220,23.85
2649,8256,45.5,28.90 ,200,23.96
2649,8266,45.31,28.77 ,220,24.3
2650,7468,128.45,27.47 ,200,30.03
2650,7478,127.26,27.26 ,200,30.03
2650,7488,125.95,27.84 ,220,30.03
2650,7498,124.5,29.02 ,200,30.03
2650,7508,122.97,29.02 ,200,30.03
2650,7518,121.42,28.97 ,200,30.03
2650,7528,119.86,29.42 ,220,29.92
2650,7538,118.33,29.28 ,220,29.5
2650,7548,116.91,29.08 ,220,28.66
2650,7558,115.68,28.76 ,220,27.5
2650,7568,114.6,28.35 ,220,26.34
2650,7578,113.7,27.25 ,240,25.5
2650,7588,112.85,26.86 ,240,25.08
2650,7598,112.01,26.47 ,240,24.96
2650,7608,111.14,26.39 ,200,24.98
2650,7618,110.29,26.50 ,220,25
2650,7628,109.45,26.48 ,220,25.02
2650,7638,108.57,26.45 ,220,25.04
2650,7648,107.49,26.35 ,220,24.92
2650,7658,106.28,26.26 ,220,24.52
2650,7668,104.99,26.28 ,220,23.73
2650,7678,103.64,25.88 ,200,22.72
2650,7688,102.4,25.91 ,200,21.9
2650,7698,101.24,26.29 ,220,21.4
2650,7708,100.13,26.31 ,220,21.08
2650,7718,99.03,27.34 ,240,20.75
2650,7728,97.97,27.17 ,240,20.38
2650,7738,96.97,26.11 ,220,20.1
2650,7748,95.97,25.96 ,220,19.91
2650,7758,94.97,25.72 ,220,19.63
2650,7768,94.02,25.21 ,240,19.1
2650,7778,93.14,24.73 ,240,18.34
2650,7788,92.29,24.25 ,240,17.5
2650,7798,91.47,23.84 ,240,16.65
2650,7808,90.71,23.52 ,240,15.9
2650,7818,90,24.25 ,220,15.35
2650,7828,89.28,24.09 ,220,15.06
2650,7838,88.46,23.86 ,220,14.97
2650,7848,87.52,23.59 ,220,14.98
2650,7858,86.51,23.22 ,220,15
2650,7868,85.49,22.95 ,220,15
2650,7878,84.48,21.26 ,180,15
2650,7888,83.49,21.14 ,180,15
2650,7898,82.49,21.07 ,180,15
2650,7908,81.49,21.05 ,180,15
2650,7918,80.49,20.98 ,180,15
2650,7928,79.49,22.66 ,220,15
2650,7938,78.49,22.37 ,240,15
2650,7948,77.48,22.26 ,240,15
2650,7958,76.49,22.12 ,240,15.02
2650,7968,75.5,21.32 ,260,15.03
2650,7978,74.49,21.13 ,260,14.93
2650,7988,73.45,20.86 ,260,14.63
2650,7998,72.38,20.45 ,260,14.17
2650,8008,71.3,20.00 ,260,13.7
2650,8018,70.17,19.65 ,260,13.4
2650,8028,68.97,19.38 ,260,13.33
2650,8038,67.68,19.28 ,260,13.35
2650,8048,66.34,19.22 ,260,13.25
2650,8058,65,20.15 ,280,12.86
2650,8068,63.72,18.91 ,260,12.11
2650,8078,62.55,18.56 ,260,11.22
2650,8088,61.5,18.30 ,260,10.48
2650,8098,60.5,18.18 ,260,10.07
2650,8108,59.52,18.16 ,260,9.96
2650,8118,58.53,18.08 ,260,9.98
2650,8128,57.52,18.30 ,280,10
2650,8138,56.52,17.88 ,300,10
2650,8148,55.52,17.45 ,280,10
2650,8158,54.52,17.25 ,280,10
2653,7518,35.9,21.32 ,260,13.69
2653,7528,35.92,21.13 ,260,13.69
2653,7538,35.93,20.86 ,260,13.69
2653,7548,35.88,20.45 ,260,13.69
2653,7558,35.69,20.00 ,260,13.69
2653,7568,35.41,19.65 ,260,13.69
2653,7578,35.14,19.38 ,260,12.55
2653,7588,34.93,19.28 ,260,11.39
2653,7598,34.85,19.22 ,260,10.44
2653,7608,34.86,20.15 ,280,9.72
2653,7618,34.92,18.91 ,260,9.06
2653,7628,35.03,18.56 ,260,8.33
2653,7638,35.24,18.30 ,260,7.5
2653,7648,35.53,18.18 ,260,6.66
2653,7658,35.91,18.16 ,260,5.9
2653,7668,36.39,18.08 ,260,5.35
2653,7678,36.91,18.30 ,280,5.06
2653,7688,37.39,17.88 ,300,4.97
2653,7698,37.75,17.45 ,280,4.98
2653,7708,38.02,17.25 ,280,5
2653,7718,38.24,16.43 ,260,5
2653,7728,38.48,16.42 ,260,5
2653,7738,38.73,16.36 ,260,5
2653,7748,38.99,16.70 ,240,5
2653,7758,39.23,16.55 ,240,5
2653,7768,39.44,16.45 ,240,5
2653,7778,39.62,15.53 ,260,5
2653,7788,39.79,16.52 ,280,5
2653,7798,39.95,16.37 ,280,5
2653,7808,40.07,16.08 ,280,5
2653,7818,40.12,17.24 ,300,5
2653,7828,40.12,16.83 ,300,5
2653,7838,40.1,16.37 ,300,5
2653,7848,40.1,14.96 ,280,5
2653,7858,40.1,14.82 ,280,5
2653,7868,40.1,14.80 ,280,5
2653,7878,40.1,14.41 ,260,5
2653,7888,40.1,14.39 ,260,5
2653,7898,40.1,14.28 ,260,5.02
2653,7908,40.1,14.10 ,260,5.02
2653,7918,40.08,13.87 ,260,4.86
2653,7928,40.08,13.59 ,260,4.4
2653,7938,40.14,14.48 ,260,3.53
2653,7948,40.35,14.27 ,260,2.39
2653,7958,40.67,14.13 ,260,1.29
2653,7968,41.12,14.07 ,260,0.51
2653,7978,41.62,14.08 ,260,0
2653,7988,42.12,15.26 ,280,0
2653,7998,42.62,15.35 ,280,0
2653,8008,43.12,15.48 ,280,0
2653,8018,43.62,15.62 ,280,0
2653,8028,44.12,15.53 ,280,0
2653,8038,44.62,15.49 ,280,0
2653,8048,45.12,14.49 ,260,0
2653,8058,45.61,14.26 ,260,1.37
2653,8068,45.9,14.14 ,260,2.55
2653,8078,46.09,14.24 ,260,3.73
2653,8088,46.13,14.48 ,260,4.56
2653,8098,46.12,15.06 ,280,4.95
2653,8108,46.1,15.11 ,280,5.04
2653,8118,46.08,15.03 ,280,5.01
2653,8128,46.07,14.89 ,280,5
2653,8138,46.12,14.76 ,280,5
2653,8148,46.33,15.43 ,300,5
2653,8158,46.7,15.49 ,300,5
2653,8168,47.24,15.59 ,300,5
2653,8178,47.98,15.67 ,300,5
2653,8188,48.89,15.65 ,300,5
2653,8198,49.96,15.97 ,280,5
2653,8208,51.19,14.76 ,260,5
2658,7485,42.54,26.45 ,220,25
2658,7495,42.06,26.35 ,220,25
2658,7505,41.56,26.26 ,220,25
2658,7515,41.52,26.28 ,220,25
2658,7525,41.34,25.88 ,200,25
2658,7535,41.04,25.91 ,200,25
2658,7545,40.67,26.29 ,220,25
2658,7555,40.29,26.31 ,220,25
2658,7565,39.9,27.34 ,240,25.02
2658,7575,39.45,27.17 ,240,25.03
2658,7585,38.93,26.11 ,220,24.92
2658,7595,38.42,25.96 ,220,24.5
2658,7605,37.97,25.72 ,220,23.66
2658,7615,37.63,25.21 ,240,22.5
2658,7625,37.32,24.73 ,240,21.34
2658,7635,37.06,24.25 ,240,20.5
2658,7645,36.78,23.84 ,240,20.09
2658,7655,36.41,23.52 ,240,20
2658,7665,35.93,24.25 ,220,19.91
2658,7675,35.42,24.09 ,220,19.5
2658,7685,34.95,23.86 ,220,18.66
2658,7695,34.64,23.59 ,220,17.5
2658,7705,34.45,23.22 ,220,16.34
2658,7715,34.4,22.95 ,220,15.45
2658,7725,34.41,21.26 ,180,14.92
2658,7735,34.46,21.14 ,180,14.73
2658,7745,34.49,21.07 ,180,14.75
2658,7755,34.52,21.05 ,180,14.84
2658,7765,34.53,20.98 ,180,14.95
2658,7775,34.52,22.66 ,220,15
2658,7785,34.52,22.37 ,240,15
2658,7795,34.52,22.26 ,240,15
2658,7805,34.52,22.12 ,240,15.02
2658,7815,34.52,21.32 ,260,15.03
2658,7825,34.52,21.13 ,260,14.92
2658,7835,34.51,20.86 ,260,14.49
2658,7845,34.51,20.45 ,260,13.66
2658,7855,34.59,20.00 ,260,12.5
2658,7865,34.72,19.65 ,260,11.34
2658,7875,34.99,19.38 ,260,10.5
2658,7885,35.34,19.28 ,260,10.08
2658,7895,35.7,19.22 ,260,9.96
2658,7905,36.05,20.15 ,280,9.99
2658,7915,36.33,18.91 ,260,10
2658,7925,36.49,18.56 ,260,10
2658,7935,36.55,18.30 ,260,10
2658,7945,36.54,18.18 ,260,10
2658,7955,36.52,18.16 ,260,10
2658,7965,36.52,18.08 ,260,10
2658,7975,36.52,18.30 ,280,10
2658,7985,36.52,17.88 ,300,10.02
2658,7995,36.52,17.45 ,280,10.03
2658,8005,36.5,17.25 ,280,9.93
2658,8015,36.5,16.43 ,260,9.63
2658,8025,36.55,16.42 ,260,9.17
2658,8035,36.67,16.36 ,260,8.71
2658,8045,36.84,16.70 ,240,8.42
2658,8055,37,16.55 ,240,8.24
2658,8065,37.16,16.45 ,240,7.92
2658,8075,37.33,15.53 ,260,7.29
2658,8085,37.54,16.52 ,280,6.3
2658,8095,37.8,16.37 ,280,5.09
2658,8105,38.06,16.08 ,280,3.91
2658,8115,38.42,17.24 ,300,2.99
2658,8125,38.89,16.83 ,300,2.46
2658,8135,39.42,16.37 ,300,2.28
2658,8145,39.92,14.96 ,280,2.26
2658,8155,40.33,14.82 ,280,2.28
2658,8165,40.63,14.80 ,280,2.3
2658,8175,40.9,14.41 ,260,2.29
2659,7544,21.59,15.53 ,260,5
2659,7554,21.59,16.52 ,280,5
2659,7564,21.59,16.37 ,280,5
2659,7574,21.59,16.08 ,280,5
2659,7584,21.59,17.24 ,300,5
2659,7594,21.59,16.83 ,300,5
2659,7604,21.59,16.37 ,300,5
2659,7614,21.59,14.96 ,280,5
2659,7624,21.59,14.82 ,280,5
2659,7634,21.59,14.80 ,280,5
2659,7644,21.59,14.41 ,260,5
2659,7654,21.59,14.39 ,260,5
2659,7664,21.59,14.28 ,260,5
2659,7674,21.59,14.10 ,260,5
2659,7684,21.61,13.87 ,260,5
2659,7694,21.61,13.59 ,260,5.01
2659,7704,21.54,14.48 ,260,5.03
2659,7714,21.32,14.27 ,260,4.92
2659,7724,20.99,14.13 ,260,4.5
2659,7734,20.58,14.07 ,260,3.65
2659,7744,20.28,14.08 ,260,2.47
2659,7754,20.1,15.26 ,280,1.42
2659,7764,20.06,15.35 ,280,1.01
2659,7774,20.03,15.48 ,280,1.42
2659,7784,19.85,15.62 ,280,2.4
2659,7794,19.53,15.53 ,280,3.3
2659,7804,19.11,15.49 ,280,3.61
2659,7814,18.71,14.49 ,260,3.25
2659,7824,18.43,14.26 ,260,2.58
2659,7834,18.44,14.14 ,260,2.1
2659,7844,18.6,14.24 ,260,2.1
2659,7854,18.85,14.48 ,260,2.49
2659,7864,19.07,15.06 ,280,2.88
2659,7874,19.26,15.11 ,280,2.99
2659,7884,19.46,15.03 ,280,2.84
2659,7894,19.68,14.89 ,280,2.51
2659,7904,19.94,14.76 ,280,2.05
2659,7914,20.26,15.43 ,300,1.61
2659,7924,20.66,15.49 ,300,1.49
2659,7934,21.06,15.59 ,300,1.98
2659,7944,21.31,15.67 ,300,3.14
2659,7954,21.43,15.65 ,300,4.53
2659,7964,21.4,15.97 ,280,5.61
2659,7974,21.27,14.76 ,260,6.21
2659,7984,21.1,14.68 ,260,6.4
2659,7994,20.96,14.63 ,260,6.39
2659,8004,20.83,15.54 ,300,6.4
2659,8014,20.68,14.96 ,280,6.38
2659,8024,20.52,14.98 ,280,6.06
2659,8034,20.38,14.83 ,280,5.23
2659,8044,20.42,14.46 ,280,3.93
2659,8054,20.65,14.01 ,280,2.42
2659,8064,21.16,13.68 ,280,1.18
2659,8074,21.94,13.66 ,280,0.42
2659,8084,22.89,13.44 ,260,0
2659,8094,23.9,14.58 ,300,0
2659,8104,24.92,14.71 ,300,0
2659,8114,25.88,14.79 ,300,0.79
2659,8124,26.76,14.80 ,300,1.03
2659,8134,27.63,14.85 ,300,1.27
2659,8144,28.52,14.97 ,300,1.71
2659,8154,29.39,15.12 ,300,2.57
2659,8164,30.27,13.86 ,280,3.65
2659,8174,31.13,14.07 ,280,4.49
2659,8184,31.98,14.23 ,280,4.91
2659,8194,32.86,15.28 ,300,5
2659,8204,33.81,15.30 ,300,5.09
2659,8214,34.81,14.97 ,280,5.5
2659,8224,35.77,14.89 ,280,6.34
2659,8234,36.56,14.91 ,280,7.5
2660,7599,46.53,14.58 ,300,15.23
2660,7609,45.96,14.71 ,300,15.23
2660,7619,45.51,14.79 ,300,15.23
2660,7629,45,14.80 ,300,15.23
2660,7639,44.86,14.85 ,300,15.23
2660,7649,44.64,14.97 ,300,15.23
2660,7659,44.54,15.12 ,300,15.06
2660,7669,44.53,13.86 ,280,15.48
2660,7679,44.5,14.07 ,280,16.24
2660,7689,44.31,14.23 ,280,16.99
2660,7699,44.03,15.28 ,300,17.2
2660,7709,43.75,15.30 ,300,16.59
2660,7719,43.65,14.97 ,280,15.33
2660,7729,43.67,14.89 ,280,13.98
2660,7739,43.9,14.91 ,280,13.11
2660,7749,44.29,15.04 ,280,12.95
2660,7759,44.72,15.14 ,280,13.38
2660,7769,45.14,15.25 ,280,14.07
2660,7779,45.57,15.31 ,280,14.64
2660,7789,46.02,15.28 ,280,14.94
2660,7799,46.52,15.23 ,280,15.04
2660,7809,47.02,14.62 ,260,15.03
2660,7819,47.52,16.28 ,260,14.9
2660,7829,48.01,16.53 ,260,14.56
2660,7839,48.56,16.82 ,260,13.94
2660,7849,49.19,16.25 ,280,13.12
2660,7859,49.94,16.52 ,280,12.33
2660,7869,50.76,16.77 ,280,11.78
2660,7879,51.63,16.92 ,280,11.52
2660,7889,52.49,16.93 ,280,11.47
2660,7899,53.34,15.56 ,320,11.48
2660,7909,54.19,14.76 ,300,11.48
2660,7919,55.06,15.25 ,320,11.61
2660,7929,55.92,14.45 ,300,12.14
2660,7939,56.68,14.59 ,300,12.96
2660,7949,57.35,14.66 ,300,13.94
2660,7959,57.88,14.78 ,300,15.35
2660,7969,58.25,14.97 ,300,16.97
2660,7979,58.46,15.26 ,300,18.51
2660,7989,58.52,15.50 ,300,19.65
2660,7999,58.52,16.51 ,320,20.04
2660,8009,58.71,16.56 ,320,20.01
2660,8019,59.04,16.63 ,320,20
2660,8029,59.47,16.72 ,320,20
2660,8039,59.85,16.33 ,300,20
2660,8049,60.21,16.36 ,300,20
2660,8059,60.6,15.68 ,280,20
2660,8069,61.07,15.63 ,280,20
2660,8079,61.59,14.61 ,260,20
2660,8089,62.09,14.58 ,260,20
2660,8099,62.59,14.48 ,260,20
2660,8109,63.1,12.78 ,240,20
2660,8119,63.6,13.46 ,260,20
2660,8129,64.07,13.45 ,260,20
2660,8139,64.5,13.51 ,260,20
2660,8149,64.89,13.61 ,260,20
2660,8159,65.25,13.76 ,260,20
2660,8169,65.59,13.96 ,260,20
2660,8179,65.95,14.17 ,260,20
2660,8189,66.3,14.34 ,260,20
2660,8199,66.66,14.45 ,260,20
2660,8209,67,14.55 ,260,20
2660,8219,67.34,14.68 ,260,20
2660,8229,67.71,14.94 ,260,20
2660,8239,68.23,15.29 ,260,20
2660,8249,68.89,17.13 ,280,20.02
2660,8259,69.67,16.48 ,260,20.02
2660,8269,70.59,16.72 ,260,19.9
2660,8279,71.68,17.05 ,240,19.67
2660,8289,72.63,17.33 ,240,19.6
2668,7631,52.4,15.25 ,320,20.37
2668,7641,51.53,14.45 ,300,20.37
2668,7651,50.77,14.59 ,300,20.37
2668,7661,50.11,14.66 ,300,20.37
2668,7671,49.57,14.78 ,300,20.37
2668,7681,49.22,14.97 ,300,20.37
2668,7691,48.94,15.26 ,300,20.83
2668,7701,48.76,15.50 ,300,21.29
2668,7711,48.64,16.51 ,320,21.6
2668,7721,48.47,16.56 ,320,21.8
2668,7731,48.28,16.63 ,320,21.91
2668,7741,48.07,16.72 ,320,21.85
2668,7751,47.86,16.33 ,300,21.49
2668,7761,47.73,16.36 ,300,20.91
2668,7771,47.7,15.68 ,280,20.45
2668,7781,47.7,15.63 ,280,20.36
2668,7791,47.67,14.61 ,260,20.53
2668,7801,47.58,14.58 ,260,20.67
2668,7811,47.49,14.48 ,260,20.56
2668,7821,47.45,12.78 ,240,20.3
2668,7831,47.44,13.46 ,260,20.09
2668,7841,47.45,13.45 ,260,20.01
2668,7851,47.44,13.51 ,260,19.92
2668,7861,47.43,13.61 ,260,19.61
2668,7871,47.49,13.76 ,260,19.15
2668,7881,47.62,13.96 ,260,18.79
2668,7891,47.77,14.17 ,260,18.65
2668,7901,47.88,14.34 ,260,18.37
2668,7911,48.04,14.45 ,260,17.8
2668,7921,48.32,14.55 ,260,17.39
2668,7931,48.66,14.68 ,260,17.57
2668,7941,48.9,14.94 ,260,18.4
2668,7951,48.99,15.29 ,260,19.4
2668,7961,48.96,17.13 ,280,19.93
2668,7971,48.95,16.48 ,260,20.03
2668,7981,48.96,16.72 ,260,20.04
2668,7991,48.94,17.05 ,240,19.99
2668,8001,48.85,17.33 ,240,19.65
2668,8011,48.79,17.61 ,240,18.77
2668,8021,49.02,17.76 ,240,17.29
2668,8031,49.54,17.81 ,240,15.39
2668,8041,50.4,17.37 ,220,13.51
2668,8051,51.43,17.37 ,220,12.1
2668,8061,52.63,17.90 ,240,11.29
2668,8071,53.9,18.02 ,240,11.01
2668,8081,55.24,18.14 ,240,10.97
2668,8091,56.63,19.64 ,260,11.08
2668,8101,58.01,19.85 ,260,11.73
2668,8111,59.21,20.23 ,260,13.37
2668,8121,60.2,20.73 ,260,16.11
2668,8131,60.9,21.29 ,260,19.67
2668,8141,61.22,21.77 ,260,23.39
2668,8151,61.12,22.11 ,260,26.53
2668,8161,60.73,22.43 ,260,28.65
2668,8171,60.13,22.69 ,260,29.7
2668,8181,59.56,22.48 ,240,30.14
2668,8191,59.06,22.93 ,220,30.6
2668,8201,58.51,23.18 ,220,31.41
2668,8211,57.82,23.31 ,240,32.39
2668,8221,56.99,23.05 ,240,33.04
2668,8231,56.12,23.17 ,240,33.05
2668,8241,55.28,23.42 ,240,32.34
2668,8251,54.62,23.70 ,240,30.97
2668,8261,54.11,31.15 ,220,29.32
2668,8271,53.75,30.99 ,220,27.8
2668,8281,53.53,30.95 ,220,26.58
2668,8291,53.45,31.30 ,220,25.77
2668,8301,53.49,31.45 ,220,25.42
2668,8311,53.35,31.41 ,200,25.44
2668,8321,53.07,31.94 ,200,25.87
2669,7515,67.4,22.37 ,240,20.27
2669,7525,66.41,22.26 ,240,20.27
2669,7535,65.4,22.12 ,240,20.27
2669,7545,64.41,21.32 ,260,20.27
2669,7555,63.92,21.13 ,260,20.27
2669,7565,63.39,20.86 ,260,20.27
2669,7575,62.88,20.45 ,260,19.97
2669,7585,62.19,20.00 ,260,19.96
2669,7595,61.39,19.65 ,260,20
2669,7605,60.43,19.38 ,260,20.03
2669,7615,59.4,19.28 ,260,19.92
2669,7625,58.38,19.22 ,260,19.5
2669,7635,57.42,20.15 ,280,18.66
2669,7645,56.62,18.91 ,260,17.5
2669,7655,55.92,18.56 ,260,16.34
2669,7665,55.37,18.30 ,260,15.5
2669,7675,54.88,18.18 ,260,15.08
2669,7685,54.4,18.16 ,260,14.96
2669,7695,53.91,18.08 ,260,14.98
2669,7705,53.41,18.30 ,280,15.02
2669,7715,52.9,17.88 ,300,15.04
2669,7725,52.39,17.45 ,280,14.92
2669,7735,51.89,17.25 ,280,14.5
2669,7745,51.44,16.43 ,260,13.66
2669,7755,51.09,16.42 ,260,12.5
2669,7765,50.77,16.36 ,260,11.34
2669,7775,50.56,16.70 ,240,10.5
2669,7785,50.4,16.55 ,240,10.07
2669,7795,50.25,16.45 ,240,9.96
2669,7805,50.06,15.53 ,260,9.98
2669,7815,49.76,16.52 ,280,10
2669,7825,49.33,16.37 ,280,10
2669,7835,48.78,16.08 ,280,10
2669,7845,48.09,17.24 ,300,10
2669,7855,47.32,16.83 ,300,10
2669,7865,46.53,16.37 ,300,10
2669,7875,45.75,14.96 ,280,10
2669,7885,44.98,14.82 ,280,10
2669,7895,44.21,14.80 ,280,9.97
2669,7905,43.44,14.41 ,260,9.88
2669,7915,42.69,14.39 ,260,9.79
2669,7925,41.95,14.28 ,260,9.76
2669,7935,41.18,14.10 ,260,9.83
2669,7945,40.39,13.87 ,260,9.94
2669,7955,39.63,13.59 ,260,9.9
2669,7965,38.98,14.48 ,260,9.5
2669,7975,38.5,14.27 ,260,8.66
2669,7985,38.21,14.13 ,260,7.5
2669,7995,38.05,14.07 ,260,6.32
2669,8005,38.01,14.08 ,260,5.47
2669,8015,37.98,15.26 ,280,5.14
2669,8025,37.87,15.35 ,280,5.35
2669,8035,37.65,15.48 ,280,5.84
2669,8045,37.38,15.62 ,280,6.23
2669,8055,37.16,15.53 ,280,6.23
2669,8065,37.03,15.49 ,280,5.86
2669,8075,36.99,14.49 ,260,5.39
2669,8085,37,14.26 ,260,5.07
2669,8095,37.01,14.14 ,260,4.97
2669,8105,37.01,14.24 ,260,4.98
2669,8115,37.01,14.48 ,260,5
2669,8125,37.03,15.06 ,280,5
2669,8135,37.03,15.11 ,280,5
2669,8145,36.98,15.03 ,280,5
2669,8155,36.85,14.89 ,280,5
2669,8165,36.68,14.76 ,280,5
2669,8175,36.54,15.43 ,300,5
2669,8185,36.49,15.49 ,300,5
2669,8195,36.49,15.59 ,300,5
2669,8205,36.51,15.67 ,300,5
2670,7624,38.95,16.25 ,280,4.97
2670,7634,39.97,16.52 ,280,4.97
2670,7644,40.97,16.77 ,280,4.97
2670,7654,41.97,16.92 ,280,4.97
2670,7664,42.97,16.93 ,280,4.97
2670,7674,43.95,15.56 ,320,4.97
2670,7684,44.95,14.76 ,300,5.06
2670,7694,46.01,15.25 ,320,5.35
2670,7704,47.16,14.45 ,300,5.9
2670,7714,48.37,14.59 ,300,6.66
2670,7724,49.56,14.66 ,300,7.5
2670,7734,50.67,14.78 ,300,8.34
2670,7744,51.69,14.97 ,300,9.1
2670,7754,52.68,15.26 ,300,9.65
2670,7764,53.67,15.50 ,300,9.94
2670,7774,54.64,16.51 ,320,10.03
2670,7784,55.63,16.56 ,320,10.02
2670,7794,56.68,16.63 ,320,10
2670,7804,57.87,16.72 ,320,10
2670,7814,59.18,16.33 ,300,9.98
2670,7824,60.63,16.36 ,300,9.97
2670,7834,62.16,15.68 ,280,10.08
2670,7844,63.69,15.63 ,280,10.5
2670,7854,65.14,14.61 ,260,11.34
2670,7864,66.45,14.58 ,260,12.5
2670,7874,67.64,14.48 ,260,13.64
2670,7884,68.69,12.78 ,240,14.46
2670,7894,69.7,13.46 ,260,15
2670,7904,70.69,13.45 ,260,15.54
2670,7914,71.64,13.51 ,260,16.35
2670,7924,72.45,13.61 ,260,17.48
2670,7934,73.14,13.76 ,260,18.75
2670,7944,73.7,13.96 ,260,20
2670,7954,74.14,14.17 ,260,21.25
2670,7964,74.45,14.34 ,260,22.52
2670,7974,74.65,14.45 ,260,23.67
2670,7984,74.68,14.55 ,260,24.5
2670,7994,74.6,14.68 ,260,24.92
2670,8004,74.58,14.94 ,260,25.03
2670,8014,74.75,15.29 ,260,25
2670,8024,75.05,17.13 ,280,24.82
2670,8034,75.53,16.48 ,260,24.56
2670,8044,76.24,16.72 ,260,24.61
2670,8054,77.01,17.05 ,240,25.15
2670,8064,77.71,17.33 ,240,26.16
2670,8074,78.31,17.61 ,240,27.35
2670,8084,78.78,17.76 ,240,28.34
2670,8094,79.15,17.81 ,240,29.1
2670,8104,79.32,17.37 ,220,29.64
2670,8114,79.32,17.37 ,220,29.94
2670,8124,79.14,17.90 ,240,30.01
2670,8134,78.91,18.02 ,240,29.98
2670,8144,78.75,18.14 ,240,30.06
2670,8154,78.69,19.64 ,260,30.35
2670,8164,78.66,19.85 ,260,30.91
2670,8174,78.57,20.23 ,260,31.67
2670,8184,78.35,20.73 ,260,32.42
2670,8194,78.03,21.29 ,260,32.95
2670,8204,77.7,21.77 ,260,33.25
2670,8214,77.43,22.11 ,260,33.43
2670,8224,77.28,22.43 ,260,33.71
2670,8234,77.24,22.69 ,260,34.17
2670,8244,77.17,22.48 ,240,34.63
2670,8254,76.96,22.93 ,220,34.93
2670,8264,76.68,23.18 ,220,34.9
2670,8274,76.51,23.31 ,240,34.58
2670,8284,76.58,32.74 ,240,34.35
2670,8294,76.75,32.80 ,240,34.34
2670,8304,76.83,32.82 ,240,34.53
2670,8314,76.71,32.16 ,220,34.87
2672,7651,38.1,13.46 ,260,22.45
2672,7661,37.59,13.45 ,260,22.45
2672,7671,37.1,13.51 ,260,22.45
2672,7681,36.61,13.61 ,260,22.45
2672,7691,36.55,13.76 ,260,22.45
2672,7701,36.06,13.96 ,260,22.45
2672,7711,35.65,14.17 ,260,22.3
2672,7721,35.31,14.34 ,260,22.04
2672,7731,34.99,14.45 ,260,21.76
2672,7741,34.53,14.55 ,260,21.58
2672,7751,34.02,14.68 ,260,21.29
2672,7761,33.67,14.94 ,260,20.83
2672,7771,33.53,15.29 ,260,20.37
2672,7781,33.56,17.13 ,280,20.07
2672,7791,33.59,16.48 ,260,19.97
2672,7801,33.59,16.72 ,260,19.98
2672,7811,33.6,17.05 ,240,20
2672,7821,33.63,17.33 ,240,20
2672,7831,33.6,17.61 ,240,20
2672,7841,33.39,17.76 ,240,20
2672,7851,33.02,17.81 ,240,20
2672,7861,32.47,17.37 ,220,20
2672,7871,31.76,17.37 ,220,20
2672,7881,30.87,17.90 ,240,20
2672,7891,29.92,18.02 ,240,19.74
2672,7901,29.04,18.14 ,240,19.17
2672,7911,28.27,19.64 ,260,18.77
2672,7921,27.5,19.85 ,260,18.67
2672,7931,26.91,20.23 ,260,18.77
2672,7941,26.49,20.73 ,260,18.89
2672,7951,26.4,21.29 ,260,18.76
2672,7961,26.72,21.77 ,260,18.76
2672,7971,27.33,22.11 ,260,19.14
2672,7981,28.11,22.43 ,260,19.61
2672,7991,29.07,22.69 ,260,19.93
2672,8001,30.07,22.48 ,240,20.03
2672,8011,31.07,22.93 ,220,20.01
2672,8021,32.13,23.18 ,220,19.98
2672,8031,33.33,23.31 ,240,19.97
2672,8041,34.67,23.05 ,240,20.06
2672,8051,36.05,23.17 ,240,20.36
2672,8061,37.35,23.42 ,240,20.9
2672,8071,38.39,23.70 ,240,21.66
2672,8081,39.2,23.50 ,220,22.5
2672,8091,39.77,23.89 ,220,23.34
2672,8101,40.1,24.14 ,220,24.1
2672,8111,40.21,22.92 ,200,24.64
2672,8121,40.24,23.06 ,200,24.94
2672,8131,40.22,23.20 ,200,25.03
2672,8141,40.24,23.56 ,220,25.01
2672,8151,40.36,23.90 ,220,25
2672,8161,40.57,24.31 ,220,25
2672,8171,40.83,24.66 ,220,24.98
2672,8181,41.09,24.86 ,220,24.96
2672,8191,41.35,24.95 ,220,25.08
2672,8201,41.6,26.37 ,240,25.5
2672,8211,41.84,26.48 ,240,26.34
2672,8221,42.02,26.67 ,220,27.28
2672,8231,42.17,26.93 ,260,27.95
2672,8241,42.35,32.37 ,200,28.43
2672,8251,42.51,32.41 ,200,28.84
2672,8261,42.62,32.60 ,240,29.31
2672,8271,42.65,32.64 ,240,29.91
2672,8281,42.63,32.77 ,240,30.47
2672,8291,42.57,32.67 ,220,31.11
2672,8301,42.49,32.60 ,220,31.96
2672,8311,42.11,32.51 ,220,32.84
2672,8321,41.51,32.60 ,220,33.53
2672,8331,40.67,32.92 ,220,33.97
2672,8341,39.98,33.41 ,220,34.16
2674,7535,35.01,17.88 ,300,16.19
2674,7545,34.53,17.45 ,280,16.19
2674,7555,34.04,17.25 ,280,16.19
2674,7565,33.49,16.43 ,260,16.19
2674,7575,32.8,16.42 ,260,16.19
2674,7585,32.47,16.36 ,260,16.19
2674,7595,32,16.70 ,240,15.27
2674,7605,31.52,16.55 ,240,14.98
2674,7615,31.01,16.45 ,240,14.98
2674,7625,30.51,15.53 ,260,15.02
2674,7635,29.99,16.52 ,280,14.92
2674,7645,29.48,16.37 ,280,14.5
2674,7655,29.03,16.08 ,280,13.66
2674,7665,28.72,17.24 ,300,12.5
2674,7675,28.53,16.83 ,300,11.34
2674,7685,28.48,16.37 ,300,10.5
2674,7695,28.49,14.96 ,280,10.08
2674,7705,28.51,14.82 ,280,9.96
2674,7715,28.52,14.80 ,280,9.98
2674,7725,28.51,14.41 ,260,10
2674,7735,28.5,14.39 ,260,10.01
2674,7745,28.46,14.28 ,260,10.03
2674,7755,28.41,14.10 ,260,9.94
2674,7765,28.4,13.87 ,260,9.64
2674,7775,28.46,13.59 ,260,9.09
2674,7785,28.59,14.48 ,260,8.41
2674,7795,28.75,14.27 ,260,7.86
2674,7805,28.82,14.13 ,260,7.58
2674,7815,28.77,14.07 ,260,7.5
2674,7825,28.56,14.08 ,260,7.43
2674,7835,28.28,15.26 ,280,7.14
2674,7845,28.04,15.35 ,280,6.59
2674,7855,27.97,15.48 ,280,5.91
2674,7865,28.06,15.62 ,280,5.36
2674,7875,28.24,15.53 ,280,5.04
2674,7885,28.39,15.49 ,280,4.93
2674,7895,28.47,14.49 ,260,5.1
2674,7905,28.48,14.26 ,260,5.69
2674,7915,28.36,14.14 ,260,6.78
2674,7925,28.09,14.24 ,260,8.29
2674,7935,27.7,14.48 ,260,9.82
2674,7945,27.14,15.06 ,280,10.96
2674,7955,26.47,15.11 ,280,11.6
2674,7965,25.76,15.03 ,280,11.82
2674,7975,25.08,14.89 ,280,11.83
2674,7985,24.4,14.76 ,280,11.84
2674,7995,23.7,15.43 ,300,11.77
2674,8005,22.99,15.49 ,300,11.25
2674,8015,22.41,15.59 ,300,10.09
2674,8025,22,15.67 ,300,8.31
2674,8035,21.77,15.65 ,300,6.25
2674,8045,21.72,15.97 ,280,4.44
2674,8055,21.84,14.76 ,260,3.03
2674,8065,22.11,14.68 ,260,1.93
2674,8075,22.48,14.63 ,260,1.2
2674,8085,22.93,15.54 ,300,0.98
2674,8095,23.39,14.96 ,280,1.42
2674,8105,23.73,14.98 ,280,2.46
2674,8115,23.93,14.83 ,280,3.63
2674,8125,23.93,14.46 ,280,4.44
2674,8135,23.8,14.01 ,280,4.91
2674,8145,23.63,13.68 ,280,5.3
2674,8155,23.46,13.66 ,280,5.75
2674,8165,23.29,13.44 ,260,6.15
2674,8175,23.13,14.58 ,300,6.21
2674,8185,23.02,14.71 ,300,5.86
2674,8195,22.98,14.79 ,300,5.38
2674,8205,22.94,14.80 ,300,5.07
2674,8215,22.82,14.85 ,300,4.97
2674,8225,22.6,14.97 ,300,4.98
2679,7700,62.23,23.56 ,220,25
2679,7710,61.88,23.90 ,220,25
2679,7720,61.57,24.31 ,220,25
2679,7730,61.35,24.66 ,220,25
2679,7740,61.23,24.86 ,220,25
2679,7750,61.18,24.95 ,220,25
2679,7760,61.17,26.37 ,240,25
2679,7770,61.23,26.48 ,240,25
2679,7780,61.44,26.67 ,220,25
2679,7790,61.77,26.93 ,260,25
2679,7800,62.24,26.90 ,240,24.98
2679,7810,62.84,26.99 ,240,24.97
2679,7820,63.57,25.81 ,200,25.07
2679,7830,64.37,26.00 ,200,25.39
2679,7840,65.2,26.26 ,200,25.85
2679,7850,66.03,26.59 ,200,26.21
2679,7860,66.88,26.89 ,200,26.3
2679,7870,67.76,27.02 ,200,26.21
2679,7880,68.65,26.94 ,200,26
2679,7890,69.56,28.00 ,220,25.66
2679,7900,70.51,27.92 ,220,25.41
2679,7910,71.43,27.39 ,200,25.38
2679,7920,72.34,27.68 ,200,25.77
2679,7930,73.17,27.99 ,200,26.57
2679,7940,73.95,28.27 ,200,27.48
2679,7950,74.67,26.85 ,220,28.33
2679,7960,75.28,27.01 ,220,29.1
2679,7970,75.82,27.04 ,240,29.64
2679,7980,76.31,27.32 ,220,29.94
2679,7990,76.8,27.29 ,200,30.03
2679,8000,77.29,27.43 ,200,30
2679,8010,77.8,27.63 ,200,30
2679,8020,78.32,29.45 ,220,30.31
2679,8030,78.8,30.24 ,200,31.21
2679,8040,79.08,30.67 ,200,32.8
2679,8050,79.19,31.02 ,200,34.91
2679,8060,79.09,31.23 ,200,37.04
2679,8070,78.81,30.88 ,220,38.67
2679,8080,78.38,31.02 ,220,39.63
2679,8090,77.84,31.11 ,220,40.01
2679,8100,77.19,31.12 ,220,40.08
2679,8110,76.52,30.90 ,200,39.91
2679,8120,75.95,30.52 ,220,39.34
2679,8130,75.63,33.91 ,220,38.41
2679,8140,75.53,33.38 ,240,37.25
2679,8150,75.52,33.64 ,240,36.13
2679,8160,75.64,33.90 ,240,35.36
2679,8170,75.79,34.10 ,240,34.97
2679,8180,75.92,34.18 ,240,34.86
2679,8190,75.93,34.33 ,220,34.93
2679,8200,75.85,34.38 ,240,35
2679,8210,75.77,33.29 ,240,35
2679,8220,75.7,33.29 ,240,34.97
2679,8230,75.67,33.50 ,240,34.96
2679,8240,75.66,33.74 ,240,35.05
2679,8250,75.61,33.90 ,240,35.35
2679,8260,75.47,33.83 ,240,35.9
2679,8270,75.18,33.61 ,240,36.57
2679,8280,74.77,33.47 ,240,37.12
2679,8290,74.31,33.08 ,260,37.06
2679,8300,74.01,32.32 ,260,36.33
2679,8310,73.93,32.06 ,240,35.82
2679,8320,73.89,32.04 ,240,36.11
2679,8330,73.59,32.42 ,240,37.22
2679,8340,73.15,32.81 ,240,38.59
2679,8350,72.53,33.42 ,240,39.18
2679,8360,72.05,33.99 ,240,39.03
2679,8370,71.67,34.33 ,240,38.65
2679,8380,71.3,34.36 ,220,38.33
2679,8390,70.81,34.10 ,220,38.27
2680,7629,0.98,15.56 ,320,6.42
2680,7639,0.97,14.76 ,300,6.42
2680,7649,0.97,15.25 ,320,6.42
2680,7659,1,14.45 ,300,6.42
2680,7669,1.12,14.59 ,300,6.42
2680,7679,1.05,14.66 ,300,6.42
2680,7689,1.19,14.78 ,300,6.53
2680,7699,1.45,14.97 ,300,6.71
2680,7709,1.74,15.26 ,300,7.11
2680,7719,1.97,15.50 ,300,7.37
2680,7729,2.2,16.51 ,320,7.03
2680,7739,2.52,16.56 ,320,6.25
2680,7749,2.96,16.63 ,320,5.5
2680,7759,3.47,16.72 ,320,5.08
2680,7769,3.99,16.33 ,300,4.97
2680,7779,4.48,16.36 ,300,4.99
2680,7789,4.97,15.68 ,280,5.02
2680,7799,5.45,15.63 ,280,5.03
2680,7809,5.99,14.61 ,260,4.92
2680,7819,6.67,14.58 ,260,4.5
2680,7829,7.52,14.48 ,260,3.66
2680,7839,8.67,12.78 ,240,2.52
2680,7849,9.97,13.46 ,260,1.39
2680,7859,11.42,13.45 ,260,0.58
2680,7869,12.97,13.51 ,260,0.16
2680,7879,14.66,13.61 ,260,0
2680,7889,16.47,13.76 ,260,0
2680,7899,18.4,13.96 ,260,0
2680,7909,20.47,14.17 ,260,0
2680,7919,22.66,14.34 ,260,0
2680,7929,24.97,14.45 ,260,0
2680,7939,27.42,14.55 ,260,0
2680,7949,29.93,14.68 ,260,0
2680,7959,32.44,14.94 ,260,0
2680,7969,34.94,15.29 ,260,1.23
2680,7979,37.27,17.13 ,280,2.39
2680,7989,39.45,16.48 ,260,3.59
2680,7999,41.41,16.72 ,260,4.48
2680,8009,43.33,17.05 ,240,4.92
2680,8019,45.36,17.33 ,240,5.02
2680,8029,47.53,17.61 ,240,4.98
2680,8039,49.86,17.76 ,240,5.08
2680,8049,52.25,17.81 ,240,5.5
2680,8059,54.66,17.37 ,220,6.34
2680,8069,56.98,17.37 ,220,7.48
2680,8079,59.19,17.90 ,240,8.62
2680,8089,61.25,18.02 ,240,9.57
2680,8099,63.24,18.14 ,240,10.42
2680,8109,65.17,19.64 ,260,11.37
2680,8119,67.01,19.85 ,260,12.5
2680,8129,68.82,20.23 ,260,13.73
2680,8139,70.6,20.73 ,260,14.85
2680,8149,72.35,21.29 ,260,15.81
2680,8159,74.05,21.77 ,260,16.67
2680,8169,75.68,22.11 ,260,17.51
2680,8179,77.22,22.43 ,260,18.33
2680,8189,78.72,22.69 ,260,19.06
2680,8199,80.22,22.48 ,240,19.72
2680,8209,81.73,22.93 ,220,20.42
2680,8219,83.19,23.18 ,220,21.26
2680,8229,84.51,23.31 ,240,22.15
2680,8239,85.64,23.05 ,240,22.77
2680,8249,86.71,23.17 ,240,22.94
2680,8259,87.84,23.42 ,240,22.88
2680,8269,89.04,23.70 ,240,22.81
2680,8279,90.29,23.50 ,220,22.93
2680,8289,91.51,23.89 ,220,23.39
2680,8299,92.73,24.14 ,220,23.85
2680,8309,93.98,22.92 ,200,23.98
2680,8319,95.29,23.06 ,200,23.65
2686,7674,48.44,17.90 ,240,22.78
2686,7684,47.97,18.02 ,240,22.78
2686,7694,47.94,18.14 ,240,22.78
2686,7704,47.3,19.64 ,260,22.78
2686,7714,46.63,19.85 ,260,22.78
2686,7724,46.3,20.23 ,260,22.78
2686,7734,45.99,20.73 ,260,22.33
2686,7744,45.66,21.29 ,260,22.03
2686,7754,45.28,21.77 ,260,21.57
2686,7764,45.02,22.11 ,260,20.91
2686,7774,44.92,22.43 ,260,20.35
2686,7784,44.94,22.69 ,260,20.03
2686,7794,44.98,22.48 ,240,20.04
2686,7804,44.99,22.93 ,220,20.35
2686,7814,44.94,23.18 ,220,20.81
2686,7824,44.82,23.31 ,240,21.26
2686,7834,44.65,23.05 ,240,21.68
2686,7844,44.48,23.17 ,240,22.17
2686,7854,44.29,23.42 ,240,22.9
2686,7864,44.07,23.70 ,240,23.78
2686,7874,43.83,23.50 ,220,24.52
2686,7884,43.62,23.89 ,220,24.93
2686,7894,43.46,24.14 ,220,24.77
2686,7904,43.44,22.92 ,200,24.13
2686,7914,43.6,23.06 ,200,23.67
2686,7924,43.81,23.20 ,200,23.67
2686,7934,43.97,23.56 ,220,24.11
2686,7944,43.99,23.90 ,220,24.74
2686,7954,43.96,24.31 ,220,25.01
2686,7964,43.95,24.66 ,220,24.95
2686,7974,43.95,24.86 ,220,24.74
2686,7984,43.96,24.95 ,220,24.35
2686,7994,44.03,26.37 ,240,23.85
2686,8004,44.23,26.48 ,240,23.41
2686,8014,44.62,26.67 ,220,23.14
2686,8024,45.13,26.93 ,260,23.03
2686,8034,45.66,26.90 ,240,23.02
2686,8044,46.21,26.99 ,240,23.02
2686,8054,46.8,25.81 ,200,22.99
2686,8064,47.48,26.00 ,200,23.05
2686,8074,48.22,26.26 ,200,23.41
2686,8084,48.94,26.59 ,200,24.23
2686,8094,49.59,26.89 ,200,25.45
2686,8104,50.24,27.02 ,200,26.64
2686,8114,50.8,26.94 ,200,27.22
2686,8124,51.42,28.00 ,220,27.01
2686,8134,52.16,27.92 ,220,26.27
2686,8144,53.02,27.39 ,200,25.51
2686,8154,53.95,27.68 ,200,25.08
2686,8164,54.89,27.99 ,200,24.96
2686,8174,55.83,28.27 ,200,24.98
2686,8184,56.74,26.85 ,220,25
2686,8194,57.52,27.01 ,220,24.95
2686,8204,58.17,27.04 ,240,24.68
2686,8214,58.74,33.48 ,240,24.24
2686,8224,59.37,33.03 ,260,23.99
2686,8234,59.88,32.93 ,260,24.05
2686,8244,60.2,33.17 ,240,24.4
2686,8254,60.34,33.25 ,240,24.9
2686,8264,60.58,32.80 ,260,25.35
2686,8274,60.92,32.97 ,260,25.91
2686,8284,61.35,33.05 ,260,26.58
2686,8294,61.63,32.35 ,220,27.13
2686,8304,61.87,32.47 ,220,27.42
2686,8314,62.11,32.59 ,220,27.49
2686,8324,62.36,32.92 ,200,27.57
2686,8334,62.61,33.03 ,200,27.85
2686,8344,62.81,32.70 ,200,28.4
2686,8354,62.93,33.02 ,200,29.07
2686,8364,62.99,33.91 ,220,29.63
2688,7569,36.42,15.53 ,280,15.03
2688,7579,35.41,15.49 ,280,15.03
2688,7589,34.38,14.49 ,260,15.03
2688,7599,33.37,14.26 ,260,15.03
2688,7609,32.47,14.14 ,260,15.03
2688,7619,31.73,14.24 ,260,15.03
2688,7629,31.11,14.48 ,260,14.94
2688,7639,30.66,15.06 ,280,14.65
2688,7649,30.38,15.11 ,280,14.1
2688,7659,30.19,15.03 ,280,13.33
2688,7669,30.09,14.89 ,280,12.47
2688,7679,30.08,14.76 ,280,11.71
2688,7689,30.17,15.43 ,300,11.38
2688,7699,30.29,15.49 ,300,11.59
2688,7709,30.2,15.59 ,300,12.1
2688,7719,29.83,15.67 ,300,12.37
2688,7729,29.27,15.65 ,300,12.03
2688,7739,28.63,15.97 ,280,11.25
2688,7749,27.96,14.76 ,260,10.5
2688,7759,27.2,14.68 ,260,10.08
2688,7769,26.34,14.63 ,260,9.96
2688,7779,25.4,15.54 ,300,10
2688,7789,24.43,14.96 ,280,10.03
2688,7799,23.6,14.98 ,280,9.94
2688,7809,22.89,14.83 ,280,9.64
2688,7819,22.38,14.46 ,280,9.07
2688,7829,22.01,14.01 ,280,8.39
2688,7839,21.73,13.68 ,280,7.94
2688,7849,21.52,13.66 ,280,7.86
2688,7859,21.35,13.44 ,260,8.03
2688,7869,21.19,14.58 ,300,8.18
2688,7879,20.98,14.71 ,300,8.07
2688,7889,20.74,14.79 ,300,7.8
2688,7899,20.48,14.80 ,300,7.58
2688,7909,20.22,14.85 ,300,7.48
2688,7919,19.98,14.97 ,300,7.48
2688,7929,19.73,15.12 ,300,7.5
2688,7939,19.48,13.86 ,280,7.52
2688,7949,19.22,14.07 ,280,7.53
2688,7959,18.96,14.23 ,280,7.44
2688,7969,18.7,15.28 ,300,7.14
2688,7979,18.49,15.30 ,300,6.59
2688,7989,18.37,14.97 ,280,5.92
2688,7999,18.33,14.89 ,280,5.36
2688,8009,18.33,14.91 ,280,5.06
2688,8019,18.35,15.04 ,280,4.97
2688,8029,18.35,15.14 ,280,4.98
2688,8039,18.35,15.25 ,280,5
2688,8049,18.35,15.31 ,280,5
2688,8059,18.35,15.28 ,280,5
2688,8069,18.35,15.23 ,280,5
2688,8079,18.35,14.62 ,260,5
2688,8089,18.35,16.28 ,260,5
2688,8099,18.35,16.53 ,260,5
2688,8109,18.35,16.82 ,260,5
2688,8119,18.35,16.25 ,280,5
2688,8129,18.35,16.52 ,280,5
2688,8139,18.37,16.77 ,280,5.02
2688,8149,18.37,16.92 ,280,5.03
2688,8159,18.3,16.93 ,280,4.93
2688,8169,18.17,15.56 ,320,4.63
2688,8179,18.05,14.76 ,300,4.18
2688,8189,18.03,15.25 ,320,3.73
2688,8199,18.12,14.45 ,300,3.28
2688,8209,18.3,14.59 ,300,2.69
2688,8219,18.57,14.66 ,300,1.9
2688,8229,18.93,14.78 ,300,1.06
2688,8239,19.39,14.97 ,300,0.43
2688,8249,19.89,15.26 ,300,0
2688,8259,20.39,15.50 ,300,0
2691,7689,35.14,23.31 ,240,22.27
2691,7699,35.29,23.05 ,240,22.27
2691,7709,35.46,23.17 ,240,22.27
2691,7719,36.18,23.42 ,240,22.27
2691,7729,36.02,23.70 ,240,22.27
2691,7739,36.37,23.50 ,220,22.27
2691,7749,36.61,23.89 ,220,22.8
2691,7759,36.88,24.14 ,220,23.38
2691,7769,36.97,22.92 ,200,24.1
2691,7779,36.86,23.06 ,200,24.64
2691,7789,36.66,23.20 ,200,24.94
2691,7799,36.5,23.56 ,220,25.03
2691,7809,36.47,23.90 ,220,25.04
2691,7819,36.48,24.31 ,220,24.95
2691,7829,36.47,24.66 ,220,24.46
2691,7839,36.56,24.86 ,220,23.28
2691,7849,36.82,24.95 ,220,21.34
2691,7859,37.22,26.37 ,240,18.89
2691,7869,37.8,26.48 ,240,16.45
2691,7879,38.54,26.67 ,220,14.56
2691,7889,39.46,26.93 ,260,13.44
2691,7899,40.49,26.90 ,240,13.01
2691,7909,41.51,26.99 ,240,12.95
2691,7919,42.52,25.81 ,200,12.99
2691,7929,43.53,26.00 ,200,13.29
2691,7939,44.5,26.26 ,200,14.19
2691,7949,45.31,26.59 ,200,15.83
2691,7959,46.11,26.89 ,200,17.82
2691,7969,46.86,27.02 ,200,19.67
2691,7979,47.58,26.94 ,200,21.47
2691,7989,48.11,28.00 ,220,23.34
2691,7999,48.37,27.92 ,220,25.32
2691,8009,48.31,27.39 ,200,27.26
2691,8019,48.01,27.68 ,200,28.67
2691,8029,47.54,27.99 ,200,29.49
2691,8039,47.03,28.27 ,200,29.92
2691,8049,46.51,26.85 ,220,30.03
2691,8059,46.01,27.01 ,220,30.02
2691,8069,45.53,27.04 ,240,30
2691,8079,44.98,27.32 ,220,30
2691,8089,44.36,27.29 ,200,30
2691,8099,43.72,27.43 ,200,30
2691,8109,43.12,27.63 ,200,30
2691,8119,42.6,29.45 ,220,30
2691,8129,42.11,30.24 ,200,30
2691,8139,41.65,30.67 ,200,30.02
2691,8149,41.27,31.02 ,200,30.03
2691,8159,40.96,31.23 ,200,29.89
2691,8169,40.71,30.88 ,220,29.41
2691,8179,40.53,31.02 ,220,28.53
2691,8189,40.48,31.11 ,220,27.36
2691,8199,40.55,31.12 ,220,26.23
2691,8209,40.8,30.90 ,200,25.44
2691,8219,41.16,30.52 ,220,24.86
2691,8229,41.66,29.54 ,200,24.29
2691,8239,42.28,33.38 ,240,23.97
2691,8249,42.94,33.64 ,240,23.97
2691,8259,43.56,33.90 ,240,24.31
2691,8269,44.1,34.10 ,240,24.94
2691,8279,44.57,34.18 ,240,25.61
2691,8289,45.01,34.33 ,220,26.48
2691,8299,45.35,34.38 ,240,27.66
2691,8309,45.42,33.29 ,240,28.81
2691,8319,45.22,33.29 ,240,29.61
2691,8329,44.77,33.50 ,240,29.88
2691,8339,44.44,33.74 ,240,29.53
2691,8349,44.33,33.90 ,240,28.75
2691,8359,44.55,33.83 ,240,27.96
2691,8369,44.85,33.61 ,240,27.64
2691,8379,45.13,33.47 ,240,27.99
2692,7727,77.22,27.04 ,240,26.31
2692,7737,77.72,27.32 ,220,26.31
2692,7747,78.23,27.29 ,200,26.31
2692,7757,78.74,27.43 ,200,26.31
2692,7767,79.23,27.63 ,200,26.31
2692,7777,79.67,29.45 ,220,26.31
2692,7787,80.01,30.24 ,200,27.46
2692,7797,80.43,30.67 ,200,28.64
2692,7807,80.87,31.02 ,200,29.5
2692,7817,81.45,31.23 ,200,29.92
2692,7827,82.2,30.88 ,220,30.03
2692,7837,83.16,31.02 ,220,30.01
2692,7847,84.18,31.11 ,220,30
2692,7857,85.2,31.12 ,220,30
2692,7867,86.22,30.90 ,200,30
2692,7877,87.23,30.52 ,220,30
2692,7887,88.15,29.54 ,200,30
2692,7897,88.93,30.20 ,180,30
2692,7907,89.57,30.33 ,180,29.85
2692,7917,90.13,30.39 ,180,29.49
2692,7927,90.7,30.29 ,180,29.24
2692,7937,91.27,29.61 ,200,29.24
2692,7947,91.85,29.34 ,200,29.49
2692,7957,92.37,28.36 ,180,29.85
2692,7967,92.86,27.96 ,160,30
2692,7977,93.35,28.06 ,160,29.98
2692,7987,93.85,28.12 ,160,29.96
2692,7997,94.35,28.19 ,160,30.08
2692,8007,94.86,28.37 ,160,30.5
2692,8017,95.35,29.27 ,200,31.34
2692,8027,95.78,29.53 ,200,32.5
2692,8037,96.18,29.71 ,220,33.66
2692,8047,96.53,29.84 ,200,34.49
2692,8057,96.74,30.06 ,180,34.92
2692,8067,96.76,30.21 ,180,35.03
2692,8077,96.74,30.38 ,200,35.01
2692,8087,96.91,30.11 ,180,35
2692,8097,97.18,30.35 ,180,35
2692,8107,97.67,30.53 ,180,35
2692,8117,98.12,30.73 ,180,35
2692,8127,98.51,30.96 ,180,34.99
2692,8137,98.82,31.09 ,180,34.85
2692,8147,99.15,31.10 ,180,34.68
2692,8157,99.55,34.04 ,240,34.86
2692,8167,99.93,34.34 ,240,35.57
2692,8177,100.22,35.03 ,240,36.73
2692,8187,100.47,35.94 ,240,38
2692,8197,100.61,36.68 ,240,38.9
2692,8207,100.73,37.16 ,240,39.37
2692,8217,100.77,37.47 ,240,39.57
2692,8227,100.76,37.65 ,240,39.61
2692,8237,100.71,37.68 ,240,39.58
2692,8247,100.68,37.49 ,240,39.3
2692,8257,100.69,37.42 ,220,38.6
2692,8267,100.81,37.14 ,220,37.5
2692,8277,101,36.70 ,240,36.26
2692,8287,101.29,36.51 ,240,35.32
2692,8297,101.6,35.94 ,220,34.88
2692,8307,101.8,35.79 ,220,34.83
2692,8317,101.83,35.81 ,220,34.61
2692,8327,101.86,35.95 ,200,33.94
2692,8337,102.01,36.03 ,200,33.38
2692,8347,102.25,36.03 ,200,33.34
2692,8357,102.48,35.97 ,200,33.96
2692,8367,102.51,35.75 ,220,35.12
2692,8377,102.3,35.88 ,220,36.27
2692,8387,101.94,36.20 ,220,37.42
2692,8397,101.51,36.32 ,220,38.58
2692,8407,101.04,36.64 ,220,39.41
2692,8417,100.56,36.83 ,220,39.78
2694,7709,40.4,26.93 ,260,25
2694,7719,39.16,26.90 ,240,25
2694,7729,37.95,26.99 ,240,25
2694,7739,36.75,25.81 ,200,25
2694,7749,35.52,26.00 ,200,25
2694,7759,34.34,26.26 ,200,25
2694,7769,33.36,26.59 ,200,25
2694,7779,32.55,26.89 ,200,25
2694,7789,31.9,27.02 ,200,25
2694,7799,31.46,26.94 ,200,25
2694,7809,31.22,28.00 ,220,25
2694,7819,31.15,27.92 ,220,25
2694,7829,31.27,27.39 ,200,25
2694,7839,31.56,27.68 ,200,25
2694,7849,32.01,27.99 ,200,25
2694,7859,32.52,28.27 ,200,25
2694,7869,33.03,26.85 ,220,25
2694,7879,33.54,27.01 ,220,25
2694,7889,34.03,27.04 ,240,25
2694,7899,34.51,27.32 ,220,24.74
2694,7909,35.03,27.29 ,200,24.15
2694,7919,35.68,27.43 ,200,23.72
2694,7929,36.37,27.63 ,200,23.72
2694,7939,37.01,29.45 ,220,24.14
2694,7949,37.54,30.24 ,200,24.74
2694,7959,38.01,30.67 ,200,25
2694,7969,38.51,31.02 ,200,25
2694,7979,39.03,31.23 ,200,25
2694,7989,39.54,30.88 ,220,25
2694,7999,39.98,31.02 ,220,25
2694,8009,40.27,31.11 ,220,25
2694,8019,40.44,31.12 ,220,25
2694,8029,40.48,30.90 ,200,25
2694,8039,40.5,30.52 ,220,25
2694,8049,40.46,29.54 ,200,25
2694,8059,40.34,30.20 ,180,24.98
2694,8069,40.19,30.33 ,180,24.97
2694,8079,40.09,30.39 ,180,25.06
2694,8089,40.06,30.29 ,180,25.36
2694,8099,40.04,29.61 ,200,25.91
2694,8109,39.98,29.34 ,200,26.59
2694,8119,39.98,28.36 ,180,27.15
2694,8129,40.04,27.96 ,160,27.46
2694,8139,40.23,28.06 ,160,27.44
2694,8149,40.52,28.12 ,160,27.19
2694,8159,40.86,28.19 ,160,27.03
2694,8169,41.14,28.37 ,160,27.21
2694,8179,41.24,29.27 ,200,27.87
2694,8189,41.1,29.53 ,200,28.55
2694,8199,40.89,29.71 ,220,28.79
2694,8209,40.84,33.08 ,260,28.84
2694,8219,40.92,32.32 ,260,28.95
2694,8229,41,32.06 ,240,29.29
2694,8239,40.91,32.04 ,240,29.77
2694,8249,40.72,32.42 ,240,29.99
2694,8259,40.58,32.81 ,240,29.99
2694,8269,40.53,33.42 ,240,29.99
2694,8279,40.6,33.99 ,240,29.99
2694,8289,40.47,34.33 ,240,29.99
2694,8299,40.22,34.36 ,220,29.99
2694,8309,39.77,34.10 ,220,29.99
2694,8319,39.51,34.04 ,240,29.99
2694,8329,39.38,34.34 ,240,30.05
2694,8339,39.44,35.03 ,240,30.19
2694,8349,39.66,35.94 ,240,30.4
2694,8359,40.04,36.68 ,240,30.66
2694,8369,40.61,37.16 ,240,30.96
2694,8379,41.35,37.47 ,240,31.24
2694,8389,42.25,37.65 ,240,31.46
2694,8399,43.22,37.68 ,240,31.58
2695,7590,33.1,15.54 ,300,10.92
2695,7600,32.61,14.96 ,280,10.92
2695,7610,32.62,14.98 ,280,10.92
2695,7620,32.63,14.83 ,280,10.92
2695,7630,32.09,14.46 ,280,10.92
2695,7640,31.95,14.01 ,280,10.92
2695,7650,31.7,13.68 ,280,10.28
2695,7660,31.48,13.66 ,280,9.99
2695,7670,31.27,13.44 ,260,9.97
2695,7680,31.11,14.58 ,300,9.98
2695,7690,30.94,14.71 ,300,10
2695,7700,30.74,14.79 ,300,10
2695,7710,30.5,14.80 ,300,10
2695,7720,30.23,14.85 ,300,10
2695,7730,29.98,14.97 ,300,10
2695,7740,29.73,15.12 ,300,10
2695,7750,29.48,13.86 ,280,10
2695,7760,29.23,14.07 ,280,10.02
2695,7770,29,14.23 ,280,10.03
2695,7780,28.74,15.28 ,300,9.94
2695,7790,28.44,15.30 ,300,9.63
2695,7800,28.11,14.97 ,280,9.08
2695,7810,27.77,14.89 ,280,8.43
2695,7820,27.47,14.91 ,280,7.9
2695,7830,27.2,15.04 ,280,7.5
2695,7840,26.96,15.14 ,280,7.11
2695,7850,26.75,15.25 ,280,6.57
2695,7860,26.62,15.31 ,280,5.91
2695,7870,26.58,15.28 ,280,5.36
2695,7880,26.59,15.23 ,280,5.06
2695,7890,26.6,14.62 ,260,4.97
2695,7900,26.61,16.28 ,260,4.98
2695,7910,26.61,16.53 ,260,5
2695,7920,26.6,16.82 ,260,5
2695,7930,26.6,16.25 ,280,5
2695,7940,26.6,16.52 ,280,5
2695,7950,26.6,16.77 ,280,5
2695,7960,26.61,16.92 ,280,5
2695,7970,26.62,16.93 ,280,5
2695,7980,26.63,15.56 ,320,5.02
2695,7990,26.57,14.76 ,300,5.03
2695,8000,26.44,15.25 ,320,4.93
2695,8010,26.29,14.45 ,300,4.61
2695,8020,26.17,14.59 ,300,4.15
2695,8030,26.05,14.66 ,300,3.8
2695,8040,25.84,14.78 ,300,3.71
2695,8050,25.5,14.97 ,300,3.66
2695,8060,25.1,15.26 ,300,3.29
2695,8070,24.77,15.50 ,300,2.44
2695,8080,24.61,16.51 ,320,1.4
2695,8090,24.66,16.56 ,320,0.58
2695,8100,24.82,16.63 ,320,0.15
2695,8110,24.95,16.72 ,320,0
2695,8120,25.02,16.33 ,300,0
2695,8130,25.02,16.36 ,300,0
2695,8140,25.02,15.68 ,280,0
2695,8150,25.05,15.63 ,280,0
2695,8160,25.16,14.61 ,260,0
2695,8170,25.32,14.58 ,260,0
2695,8180,25.45,14.48 ,260,0
2695,8190,25.52,12.78 ,240,0
2695,8200,25.52,13.46 ,260,0
2695,8210,25.52,13.45 ,260,0
2695,8220,25.52,13.51 ,260,0
2695,8230,25.52,13.61 ,260,0
2695,8240,25.52,13.76 ,260,0
2695,8250,25.52,13.96 ,260,0
2695,8260,25.52,14.17 ,260,0
2695,8270,25.52,14.34 ,260,0
2695,8280,25.52,14.45 ,260,0
2697,7748,58.83,29.61 ,200,25
2697,7758,59.74,29.34 ,200,25
2697,7768,60.23,28.36 ,180,25
2697,7778,60.74,27.96 ,160,25
2697,7788,61.24,28.06 ,160,25
2697,7798,61.74,28.12 ,160,25
2697,7808,62.22,28.19 ,160,25
2697,7818,62.71,28.37 ,160,25
2697,7828,63.26,29.27 ,200,25
2697,7838,63.95,29.53 ,200,24.99
2697,7848,64.76,29.71 ,220,24.97
2697,7858,65.73,29.84 ,200,25.07
2697,7868,66.74,30.06 ,180,25.38
2697,7878,67.71,30.21 ,180,25.85
2697,7888,68.58,30.38 ,200,26.21
2697,7898,69.42,30.11 ,180,26.29
2697,7908,70.29,30.35 ,180,26.2
2697,7918,71.2,30.53 ,180,26.27
2697,7928,72.09,30.73 ,180,26.72
2697,7938,72.9,30.96 ,180,27.48
2697,7948,73.61,31.09 ,180,28.19
2697,7958,74.21,31.10 ,180,28.61
2697,7968,74.75,30.65 ,160,28.92
2697,7978,75.31,30.70 ,160,29.21
2697,7988,76,30.83 ,160,29.54
2697,7998,76.74,31.00 ,160,29.87
2697,8008,77.62,31.08 ,160,30
2697,8018,78.56,31.03 ,180,30
2697,8028,79.53,31.12 ,180,30
2697,8038,80.49,31.90 ,220,30
2697,8048,81.46,32.25 ,220,30
2697,8058,82.44,32.64 ,220,30
2697,8068,83.38,32.97 ,220,30
2697,8078,84.2,32.90 ,240,30
2697,8088,84.89,32.87 ,220,29.98
2697,8098,85.44,32.65 ,180,29.97
2697,8108,85.91,32.78 ,180,30.06
2697,8118,86.38,32.87 ,180,30.35
2697,8128,86.86,32.92 ,180,30.9
2697,8138,87.22,32.93 ,180,31.66
2697,8148,87.34,33.49 ,200,32.5
2697,8158,87.3,33.51 ,200,33.34
2697,8168,87.22,33.61 ,200,34.1
2697,8178,87.2,33.79 ,180,34.64
2697,8188,87.26,33.93 ,180,34.81
2697,8198,87.44,33.93 ,180,34.61
2697,8208,87.81,36.32 ,220,34.38
2697,8218,88.35,36.64 ,220,34.36
2697,8228,88.93,36.83 ,220,34.57
2697,8238,89.45,37.50 ,180,34.86
2697,8248,89.91,37.05 ,180,34.99
2697,8258,90.35,36.47 ,180,34.97
2697,8268,90.79,35.85 ,200,34.97
2697,8278,91.23,35.38 ,220,35.16
2697,8288,91.62,34.89 ,240,35.74
2697,8298,91.85,35.15 ,240,36.79
2697,8308,91.92,35.55 ,240,38.18
2697,8318,91.88,36.04 ,220,39.58
2697,8328,91.7,36.25 ,220,40.66
2697,8338,91.34,36.08 ,200,41.31
2697,8348,90.82,35.92 ,200,41.56
2697,8358,90.18,35.94 ,200,41.4
2697,8368,89.51,36.21 ,200,40.76
2697,8378,88.95,36.48 ,200,39.83
2697,8388,88.52,36.75 ,200,38.79
2697,8398,88.2,36.80 ,200,37.73
2697,8408,87.98,37.13 ,200,36.84
2697,8418,87.87,37.19 ,200,36.31
2697,8428,87.81,37.26 ,200,36.34
2697,8438,87.68,37.44 ,220,36.83
2700,7737,71.01,30.88 ,220,25.99
2700,7747,70.51,31.02 ,220,25.99
2700,7757,70.51,31.11 ,220,25.99
2700,7767,70.51,31.12 ,220,25.99
2700,7777,70.01,30.90 ,200,25.99
2700,7787,70.02,30.52 ,220,25.99
2700,7797,69.99,29.54 ,200,25.66
2700,7807,69.97,30.20 ,180,25.85
2700,7817,69.84,30.33 ,180,26.2
2700,7827,69.66,30.39 ,180,26.22
2700,7837,69.52,30.29 ,180,25.86
2700,7847,69.5,29.61 ,200,25.39
2700,7857,69.63,29.34 ,200,25.07
2700,7867,69.86,28.36 ,180,24.97
2700,7877,70.12,27.96 ,160,24.98
2700,7887,70.39,28.06 ,160,24.98
2700,7897,70.64,28.12 ,160,24.97
2700,7907,70.84,28.19 ,160,25.07
2700,7917,71.01,28.37 ,160,25.39
2700,7927,71.14,29.27 ,200,25.59
2700,7937,71.39,29.53 ,200,25.33
2700,7947,71.81,29.71 ,220,24.99
2700,7957,72.27,29.84 ,200,25.04
2700,7967,72.63,30.06 ,180,25.84
2700,7977,72.86,30.21 ,180,27.31
2700,7987,73.04,30.38 ,200,28.65
2700,7997,73.12,30.11 ,180,29.49
2700,8007,73.1,30.35 ,180,29.92
2700,8017,73.09,30.53 ,180,30.03
2700,8027,73.08,30.73 ,180,30.01
2700,8037,73.08,30.96 ,180,30
2700,8047,73.08,31.09 ,180,30
2700,8057,73.08,31.10 ,180,30
2700,8067,73.08,30.65 ,160,30
2700,8077,73.07,30.70 ,160,30
2700,8087,73.08,30.83 ,160,30.01
2700,8097,73.1,31.00 ,160,30.02
2700,8107,73.13,31.08 ,160,29.9
2700,8117,73.23,31.03 ,180,29.69
2700,8127,73.41,31.12 ,180,29.69
2700,8137,73.62,31.90 ,220,30.19
2700,8147,73.72,32.25 ,220,31.35
2700,8157,73.74,32.64 ,220,32.86
2700,8167,73.43,32.97 ,220,34.16
2700,8177,72.82,32.90 ,240,34.73
2700,8187,72.03,32.87 ,220,34.55
2700,8197,71.38,36.51 ,240,34.23
2700,8207,70.94,35.94 ,220,34.22
2700,8217,70.52,35.79 ,220,34.58
2700,8227,69.94,35.81 ,220,35.07
2700,8237,69.34,35.95 ,200,35.29
2700,8247,68.81,36.03 ,200,35.29
2700,8257,68.28,36.03 ,200,35.29
2700,8267,67.75,35.97 ,200,35.29
2700,8277,67.21,35.75 ,220,35.29
2700,8287,66.66,35.88 ,220,35.29
2700,8297,66.12,36.20 ,220,35.31
2700,8307,65.66,36.32 ,220,35.32
2700,8317,65.34,36.64 ,220,35.19
2700,8327,65.14,36.83 ,220,34.74
2700,8337,65.16,37.50 ,180,33.9
2700,8347,65.38,37.05 ,180,32.84
2700,8357,65.72,36.47 ,180,31.94
2700,8367,66.04,35.85 ,200,31.25
2700,8377,66.38,35.38 ,220,30.49
2700,8387,66.87,34.89 ,240,30.06
2700,8397,67.48,35.15 ,240,30.49
2700,8407,67.9,35.55 ,240,31.78
2700,8417,68.18,36.04 ,220,33.46
2700,8427,68.24,36.25 ,220,34.63
2701,7629,29.89,15.56 ,320,6.36
2701,7639,29.39,14.76 ,300,6.36
2701,7649,28.9,15.25 ,320,6.36
2701,7659,28.91,14.45 ,300,6.36
2701,7669,28.85,14.59 ,300,6.36
2701,7679,28.43,14.66 ,300,6.36
2701,7689,28.11,14.78 ,300,6.05
2701,7699,27.92,14.97 ,300,5.47
2701,7709,27.83,15.26 ,300,5.07
2701,7719,27.68,15.50 ,300,4.97
2701,7729,27.37,16.51 ,320,4.98
2701,7739,26.93,16.56 ,320,5
2701,7749,26.43,16.63 ,320,5
2701,7759,25.93,16.72 ,320,5.02
2701,7769,25.42,16.33 ,300,5.04
2701,7779,24.91,16.36 ,300,4.92
2701,7789,24.4,15.68 ,280,4.5
2701,7799,23.95,15.63 ,280,3.66
2701,7809,23.64,14.61 ,260,2.52
2701,7819,23.45,14.58 ,260,1.39
2701,7829,23.39,14.48 ,260,0.58
2701,7839,23.39,12.78 ,240,0.16
2701,7849,23.39,13.46 ,260,0
2701,7859,23.39,13.45 ,260,0
2701,7869,23.39,13.51 ,260,0
2701,7879,23.39,13.61 ,260,0
2701,7889,23.39,13.76 ,260,0
2701,7899,23.39,13.96 ,260,0
2701,7909,23.39,14.17 ,260,0
2701,7919,23.39,14.34 ,260,0
2701,7929,23.39,14.45 ,260,0
2701,7939,23.39,14.55 ,260,0
2701,7949,23.39,14.68 ,260,0
2701,7959,23.39,14.94 ,260,0
2701,7969,23.39,15.29 ,260,0
2701,7979,23.39,17.13 ,280,0
2701,7989,23.39,16.48 ,260,0
2701,7999,23.39,16.72 ,260,0
2701,8009,23.43,17.05 ,240,0
2701,8019,23.68,17.33 ,240,0
2701,8029,24.07,17.61 ,240,0
2701,8039,24.62,17.76 ,240,0
2701,8049,25.3,17.81 ,240,0
2701,8059,26.01,17.37 ,220,0
2701,8069,26.69,17.37 ,220,0
2701,8079,27.37,17.90 ,240,0
2701,8089,28.06,18.02 ,240,0
2701,8099,28.76,18.14 ,240,0
2701,8109,29.45,19.64 ,260,0
2701,8119,30.07,19.85 ,260,0
2701,8129,30.58,20.23 ,260,0
2701,8139,30.99,20.73 ,260,0
2701,8149,31.39,21.29 ,260,0
2701,8159,31.83,21.77 ,260,0
2701,8169,32.33,22.11 ,260,0
2701,8179,32.84,22.43 ,260,0
2701,8189,33.33,22.69 ,260,0
2701,8199,33.83,22.48 ,240,0
2701,8209,34.36,22.93 ,220,0
2701,8219,34.98,23.18 ,220,0
2701,8229,35.68,23.31 ,240,0
2701,8239,36.48,23.05 ,240,0
2701,8249,37.36,23.17 ,240,0
2701,8259,38.32,23.42 ,240,1.23
2701,8269,39.14,23.70 ,240,2.38
2701,8279,39.84,23.50 ,220,3.59
2701,8289,40.39,23.89 ,220,4.48
2701,8299,40.92,24.14 ,220,4.92
2701,8309,41.6,22.92 ,200,5.04
2701,8319,42.41,23.06 ,200,5.02
2704,7725,42.18,26.85 ,220,10.5
2704,7735,43.05,27.01 ,220,10.5
2704,7745,44.04,27.04 ,240,10.5
2704,7755,45.17,27.32 ,220,10.5
2704,7765,46.45,27.29 ,200,10.5
2704,7775,47.91,27.43 ,200,10.5
2704,7785,49.43,27.63 ,200,11.34
2704,7795,50.93,29.45 ,220,12.5
2704,7805,52.36,30.24 ,200,13.66
2704,7815,53.67,30.67 ,200,14.5
2704,7825,54.93,31.02 ,200,14.92
2704,7835,56.18,31.23 ,200,15.04
2704,7845,57.41,30.88 ,220,15
2704,7855,58.58,31.02 ,220,14.96
2704,7865,59.64,31.11 ,220,15.07
2704,7875,60.61,31.12 ,220,15.5
2704,7885,61.49,30.90 ,200,16.34
2704,7895,62.26,30.52 ,220,17.5
2704,7905,62.95,29.54 ,200,18.66
2704,7915,63.51,30.20 ,180,19.5
2704,7925,64,30.33 ,180,19.92
2704,7935,64.48,30.39 ,180,20.04
2704,7945,64.98,30.29 ,180,20
2704,7955,65.48,29.61 ,200,19.96
2704,7965,66,29.34 ,200,20.07
2704,7975,66.51,28.36 ,180,20.48
2704,7985,66.96,27.96 ,160,21.22
2704,7995,67.29,28.06 ,160,22.09
2704,8005,67.51,28.12 ,160,22.83
2704,8015,67.66,28.19 ,160,23.32
2704,8025,67.8,28.37 ,160,23.69
2704,8035,67.97,29.27 ,200,24.05
2704,8045,68.23,29.53 ,200,24.42
2704,8055,68.59,29.71 ,220,24.72
2704,8065,69.01,29.84 ,200,24.89
2704,8075,69.4,30.06 ,180,24.97
2704,8085,69.67,30.21 ,180,24.98
2704,8095,69.84,30.38 ,200,24.96
2704,8105,70.01,30.11 ,180,25.08
2704,8115,70.23,30.35 ,180,25.5
2704,8125,70.51,30.53 ,180,26.34
2704,8135,70.76,30.73 ,180,27.5
2704,8145,70.96,30.96 ,180,28.66
2704,8155,71.03,31.09 ,180,29.49
2704,8165,71.02,31.10 ,180,29.92
2704,8175,71,30.65 ,160,30.03
2704,8185,70.99,30.70 ,160,30.01
2704,8195,71,30.83 ,160,30
2704,8205,70.99,31.00 ,160,30
2704,8215,70.97,31.08 ,160,29.98
2704,8225,70.96,31.03 ,180,29.96
2704,8235,71.03,31.12 ,180,30.08
2704,8245,71.24,31.90 ,220,30.5
2704,8255,71.49,32.25 ,220,31.34
2704,8265,71.75,32.64 ,220,32.5
2704,8275,71.96,32.97 ,220,33.66
2704,8285,71.99,32.90 ,240,34.45
2704,8295,71.91,32.87 ,220,34.78
2704,8305,71.81,36.51 ,240,34.82
2704,8315,71.77,35.94 ,220,34.8
2704,8325,71.85,35.79 ,220,34.85
2704,8335,72.04,35.81 ,220,34.94
2704,8345,72.33,35.95 ,200,34.99
2704,8355,72.77,36.03 ,200,34.99
2704,8365,73.28,36.03 ,200,34.99
2704,8375,73.8,35.97 ,200,34.99
2704,8385,74.3,35.75 ,220,34.99
2704,8395,74.81,35.88 ,220,34.99
2704,8405,75.34,36.20 ,220,34.99
2704,8415,75.86,36.32 ,220,34.99
2705,7758,56.23,29.71 ,220,30
2705,7768,55.65,29.84 ,200,30
2705,7778,55.14,30.06 ,180,30
2705,7788,54.8,30.21 ,180,30
2705,7798,54.59,30.38 ,200,30
2705,7808,54.54,30.11 ,180,30
2705,7818,54.55,30.35 ,180,30
2705,7828,54.57,30.53 ,180,30
2705,7838,54.57,30.73 ,180,30
2705,7848,54.57,30.96 ,180,30
2705,7858,54.57,31.09 ,180,30
2705,7868,54.57,31.10 ,180,30
2705,7878,54.57,30.65 ,160,30
2705,7888,54.57,30.70 ,160,30
2705,7898,54.57,30.83 ,160,30
2705,7908,54.57,31.00 ,160,30
2705,7918,54.59,31.08 ,160,30
2705,7928,54.54,31.03 ,180,29.74
2705,7938,54.5,31.12 ,180,29.13
2705,7948,54.58,31.90 ,220,28.69
2705,7958,54.84,32.25 ,220,28.69
2705,7968,55.2,32.64 ,220,29.13
2705,7978,55.57,32.97 ,220,29.73
2705,7988,56.07,32.90 ,240,30
2705,7998,56.6,32.87 ,220,30
2705,8008,57.01,32.65 ,180,30
2705,8018,57.38,32.78 ,180,30
2705,8028,57.79,32.87 ,180,30
2705,8038,58.3,32.92 ,180,30
2705,8048,58.85,32.93 ,180,30
2705,8058,59.38,33.49 ,200,30
2705,8068,59.91,33.51 ,200,30
2705,8078,60.44,33.61 ,200,30
2705,8088,60.97,33.79 ,180,30
2705,8098,61.49,33.93 ,180,30
2705,8108,62.02,33.93 ,180,30
2705,8118,62.56,33.80 ,160,30
2705,8128,63.1,34.38 ,180,30
2705,8138,63.64,34.31 ,180,30
2705,8148,64.11,33.87 ,200,30
2705,8158,64.45,33.52 ,220,30
2705,8168,64.65,33.45 ,220,29.98
2705,8178,64.78,33.20 ,200,29.75
2705,8188,64.93,33.16 ,180,29.41
2705,8198,65.04,34.89 ,240,29.57
2705,8208,64.99,35.15 ,240,30.53
2705,8218,64.97,35.55 ,240,32.18
2705,8228,64.92,36.04 ,220,34
2705,8238,64.89,36.25 ,220,35.23
2705,8248,64.82,36.08 ,200,35.83
2705,8258,64.7,35.92 ,200,36.06
2705,8268,64.58,35.94 ,200,36.11
2705,8278,64.45,36.21 ,200,36.07
2705,8288,64.3,36.48 ,200,35.76
2705,8298,64.2,36.75 ,200,34.94
2705,8308,64.32,36.80 ,200,33.59
2705,8318,64.64,37.13 ,200,32.02
2705,8328,65.19,37.19 ,200,30.73
2705,8338,65.97,37.26 ,200,30.04
2705,8348,66.77,37.44 ,220,29.86
2705,8358,67.49,37.31 ,220,29.92
2705,8368,68.15,37.07 ,220,30
2705,8378,68.83,36.79 ,220,29.78
2705,8388,69.59,36.56 ,220,28.9
2705,8398,70.54,36.65 ,240,27.71
2705,8408,71.56,36.04 ,260,27.11
2705,8418,72.57,36.16 ,260,27.46
2705,8428,73.35,36.68 ,260,28.54
2705,8438,74,36.90 ,260,29.58
2705,8448,74.59,37.01 ,260,29.92
2706,7775,72.1,31.03 ,180,30.37
2706,7785,72.1,31.12 ,180,30.37
2706,7795,72.1,31.90 ,220,30.37
2706,7805,72.1,32.25 ,220,30.37
2706,7815,72.1,32.64 ,220,30.37
2706,7825,72.12,32.97 ,220,30.37
2706,7835,72.07,32.90 ,240,30.81
2706,7845,71.95,32.87 ,220,31.27
2706,7855,71.8,32.65 ,180,31.68
2706,7865,71.61,32.78 ,180,32.17
2706,7875,71.38,32.87 ,180,32.9
2706,7885,71.09,32.92 ,180,33.78
2706,7895,70.76,32.93 ,180,34.52
2706,7905,70.45,33.49 ,200,34.92
2706,7915,70.23,33.51 ,200,35.04
2706,7925,70.1,33.61 ,200,34.89
2706,7935,70.07,33.79 ,180,34.53
2706,7945,70.16,33.93 ,180,34.22
2706,7955,70.28,33.93 ,180,34.15
2706,7965,70.32,33.80 ,160,34.37
2706,7975,70.26,34.38 ,180,34.74
2706,7985,70.18,34.31 ,180,34.96
2706,7995,70.16,33.87 ,200,35.04
2706,8005,70.17,33.52 ,220,35.13
2706,8015,70.15,33.45 ,220,35.25
2706,8025,70.11,33.20 ,200,35.39
2706,8035,70.05,33.16 ,180,35.56
2706,8045,69.99,33.91 ,160,35.75
2706,8055,70,34.35 ,160,35.92
2706,8065,70.15,34.84 ,160,36.03
2706,8075,70.42,35.28 ,160,36.07
2706,8085,70.84,35.58 ,160,36.04
2706,8095,71.37,35.66 ,160,35.86
2706,8105,71.95,35.62 ,160,35.48
2706,8115,72.63,35.62 ,160,35.14
2706,8125,73.32,35.23 ,180,35.14
2706,8135,73.9,35.68 ,160,35.75
2706,8145,74.2,35.99 ,160,36.83
2706,8155,74.27,36.20 ,160,37.9
2706,8165,74.13,37.13 ,200,38.75
2706,8175,73.82,37.19 ,200,39.32
2706,8185,73.42,37.26 ,200,39.65
2706,8195,73.06,37.44 ,220,39.91
2706,8205,72.8,37.31 ,220,40.02
2706,8215,72.56,37.07 ,220,39.92
2706,8225,72.24,36.79 ,220,39.6
2706,8235,71.91,36.56 ,220,39.13
2706,8245,71.72,36.65 ,240,38.75
2706,8255,71.72,36.04 ,260,38.75
2706,8265,71.81,36.16 ,260,39.13
2706,8275,71.86,36.68 ,260,39.6
2706,8285,71.82,36.90 ,260,39.92
2706,8295,71.74,37.01 ,260,40.02
2706,8305,71.67,36.76 ,240,39.66
2706,8315,71.7,36.52 ,240,38.84
2706,8325,71.87,36.18 ,220,38.26
2706,8335,72.04,35.94 ,220,38.24
2706,8345,72.09,35.96 ,220,38.79
2706,8355,71.95,36.20 ,220,39.57
2706,8365,71.7,36.50 ,220,39.91
2706,8375,71.43,36.76 ,220,39.9
2706,8385,71.1,36.89 ,200,39.91
2706,8395,70.78,37.05 ,180,40.04
2706,8405,70.44,37.18 ,180,40.4
2706,8415,70.07,37.28 ,180,41.02
2706,8425,69.6,36.62 ,200,41.82
2706,8435,69.03,36.30 ,220,42.52
2706,8445,68.37,36.47 ,220,42.85
2706,8455,67.66,36.75 ,220,42.81
2706,8465,66.99,37.12 ,220,42.62
2707,7788,43.13,33.49 ,200,38.43
2707,7798,43.15,33.51 ,200,38.43
2707,7808,42.66,33.61 ,200,38.43
2707,7818,42.65,33.79 ,180,38.43
2707,7828,42.58,33.93 ,180,38.43
2707,7838,41.98,33.93 ,180,38.43
2707,7848,41.43,33.80 ,160,38.89
2707,7858,40.99,34.38 ,180,38.81
2707,7868,40.66,34.31 ,180,38.8
2707,7878,40.3,33.87 ,200,39.15
2707,7888,39.85,33.52 ,220,39.61
2707,7898,39.37,33.45 ,220,39.93
2707,7908,38.88,33.20 ,200,40.03
2707,7918,38.41,33.16 ,180,39.87
2707,7928,37.99,33.91 ,160,39.5
2707,7938,37.66,34.35 ,160,39.26
2707,7948,37.38,34.84 ,160,39.26
2707,7958,37.07,35.28 ,160,39.52
2707,7968,36.7,35.58 ,160,39.88
2707,7978,36.28,35.66 ,160,39.93
2707,7988,35.86,35.62 ,160,39.61
2707,7998,35.43,35.62 ,160,39.14
2707,8008,35.02,35.23 ,180,38.76
2707,8018,34.67,35.68 ,160,38.76
2707,8028,34.43,35.99 ,160,39.14
2707,8038,34.22,36.20 ,160,39.61
2707,8048,34.08,35.75 ,160,39.93
2707,8058,34,35.53 ,160,40.03
2707,8068,33.95,35.42 ,160,40.01
2707,8078,33.94,34.16 ,160,40
2707,8088,33.96,33.66 ,180,40
2707,8098,33.97,33.66 ,180,40
2707,8108,33.96,33.64 ,180,39.87
2707,8118,33.92,33.59 ,180,39.57
2707,8128,33.86,36.65 ,240,39.37
2707,8138,33.78,36.04 ,260,39.38
2707,8148,33.7,36.16 ,260,39.5
2707,8158,33.66,36.68 ,260,39.5
2707,8168,33.69,36.90 ,260,39.07
2707,8178,33.83,37.01 ,260,38.4
2707,8188,34.08,36.76 ,240,37.84
2707,8198,34.31,36.52 ,240,37.6
2707,8208,34.38,36.18 ,220,37.76
2707,8218,34.35,35.94 ,220,38.27
2707,8228,34.3,35.96 ,220,39.03
2707,8238,34.31,36.20 ,220,39.91
2707,8248,34.29,36.50 ,220,40.68
2707,8258,34.16,36.76 ,220,41.19
2707,8268,33.99,36.89 ,200,41.42
2707,8278,33.78,37.05 ,180,41.14
2707,8288,33.67,37.18 ,180,40.38
2707,8298,33.75,37.28 ,180,39.84
2707,8308,33.96,36.62 ,200,39.67
2707,8318,34.25,36.30 ,220,39.79
2707,8328,34.53,36.47 ,220,39.95
2707,8338,34.83,36.75 ,220,39.7
2707,8348,35.18,37.12 ,220,39.42
2707,8358,35.5,38.04 ,180,39.59
2707,8368,35.8,39.20 ,200,40.1
2707,8378,36.06,39.63 ,200,40.85
2707,8388,36.22,39.96 ,200,41.67
2707,8398,36.26,39.84 ,220,42.36
2707,8408,36.22,39.77 ,220,42.75
2707,8418,36.15,39.73 ,220,42.83
2707,8428,36.08,40.08 ,200,42.74
2707,8438,35.96,40.01 ,200,42.69
2707,8448,35.73,39.81 ,180,42.7
2707,8458,35.42,39.60 ,180,42.67
2707,8468,35.14,39.32 ,180,42.57
2707,8478,34.97,39.06 ,180,42.48
2711,7756,51.09,29.27 ,200,23.36
2711,7766,51.52,29.53 ,200,23.36
2711,7776,51.99,29.71 ,220,23.36
2711,7786,52.48,29.84 ,200,23.36
2711,7796,52.48,30.06 ,180,23.36
2711,7806,52.81,30.21 ,180,23.36
2711,7816,52.94,30.38 ,200,23.96
2711,7826,52.99,30.11 ,180,24.55
2711,7836,52.97,30.35 ,180,24.94
2711,7846,53,30.53 ,180,25.03
2711,7856,53.19,30.73 ,180,25.02
2711,7866,53.5,30.96 ,180,25
2711,7876,53.95,31.09 ,180,25
2711,7886,54.46,31.10 ,180,25
2711,7896,54.98,30.65 ,160,24.98
2711,7906,55.48,30.70 ,160,24.96
2711,7916,56,30.83 ,160,25.07
2711,7926,56.51,31.00 ,160,25.52
2711,7936,56.95,31.08 ,160,26.47
2711,7946,57.22,31.03 ,180,27.89
2711,7956,57.33,31.12 ,180,29.51
2711,7966,57.31,31.90 ,220,30.98
2711,7976,57.19,32.25 ,220,32.15
2711,7986,57.09,32.64 ,220,32.95
2711,7996,57.06,32.97 ,220,33.4
2711,8006,57.14,32.90 ,240,33.63
2711,8016,57.27,32.87 ,220,33.67
2711,8026,57.4,32.65 ,180,33.68
2711,8036,57.5,32.78 ,180,33.68
2711,8046,57.59,32.87 ,180,33.47
2711,8056,57.72,32.92 ,180,32.87
2711,8066,57.96,32.93 ,180,32.01
2711,8076,58.34,33.49 ,200,31.35
2711,8086,58.8,33.51 ,200,31.38
2711,8096,59.17,33.61 ,200,32.21
2711,8106,59.39,33.79 ,180,33.29
2711,8116,59.46,33.93 ,180,33.96
2711,8126,59.5,33.93 ,180,34.02
2711,8136,59.61,33.80 ,160,33.8
2711,8146,59.78,34.38 ,180,33.78
2711,8156,59.91,34.31 ,180,34.14
2711,8166,59.97,33.87 ,200,34.61
2711,8176,59.96,33.52 ,220,34.9
2711,8186,59.92,33.45 ,220,34.94
2711,8196,59.88,35.85 ,200,34.88
2711,8206,59.77,35.38 ,220,34.86
2711,8216,59.56,34.89 ,240,34.91
2711,8226,59.32,35.15 ,240,34.96
2711,8236,59.09,35.55 ,240,34.99
2711,8246,58.94,36.04 ,220,34.99
2711,8256,58.81,36.25 ,220,34.99
2711,8266,58.67,36.08 ,200,34.99
2711,8276,58.52,35.92 ,200,34.99
2711,8286,58.38,35.94 ,200,34.99
2711,8296,58.29,36.21 ,200,34.99
2711,8306,58.36,36.48 ,200,34.99
2711,8316,58.55,36.75 ,200,34.97
2711,8326,58.87,36.80 ,200,34.95
2711,8336,59.36,37.13 ,200,35.07
2711,8346,59.92,37.19 ,200,35.49
2711,8356,60.45,37.26 ,200,36.33
2711,8366,60.81,37.44 ,220,37.38
2711,8376,60.98,37.31 ,220,38.27
2711,8386,61.05,37.07 ,220,38.92
2711,8396,61.12,36.79 ,220,39.32
2711,8406,61.21,36.56 ,220,39.55
2711,8416,61.29,36.65 ,240,39.67
2711,8426,61.28,36.04 ,260,39.57
2711,8436,61.21,36.16 ,260,39.35
2711,8446,61.13,36.68 ,260,39.17
2713,7781,65.92,32.90 ,240,30
2713,7791,65.92,32.87 ,220,30
2713,7801,65.92,32.65 ,180,30
2713,7811,65.92,32.78 ,180,30
2713,7821,65.92,32.87 ,180,30
2713,7831,65.92,32.92 ,180,30
2713,7841,65.92,32.93 ,180,30
2713,7851,65.92,33.49 ,200,30.02
2713,7861,65.92,33.51 ,200,30.03
2713,7871,65.9,33.61 ,200,29.85
2713,7881,65.9,33.79 ,180,29.31
2713,7891,65.98,33.93 ,180,28.34
2713,7901,66.22,33.93 ,180,27.08
2713,7911,66.56,33.80 ,160,25.87
2713,7921,67.06,34.38 ,180,25.02
2713,7931,67.62,34.31 ,180,24.58
2713,7941,68.19,33.87 ,200,24.45
2713,7951,68.73,33.52 ,220,24.31
2713,7961,69.29,33.45 ,220,23.96
2713,7971,69.98,33.20 ,200,23.91
2713,7981,70.58,33.16 ,180,24.84
2713,7991,70.83,33.91 ,160,26.92
2713,8001,70.94,34.35 ,160,29.86
2713,8011,70.97,34.84 ,160,32.78
2713,8021,70.91,35.28 ,160,34.82
2713,8031,70.8,35.58 ,160,35.78
2713,8041,70.74,35.66 ,160,35.83
2713,8051,70.8,35.62 ,160,35.4
2713,8061,70.91,35.62 ,160,35.06
2713,8071,71.05,35.23 ,180,34.96
2713,8081,71.18,35.68 ,160,34.98
2713,8091,71.27,35.99 ,160,35
2713,8101,71.19,36.20 ,160,35.01
2713,8111,70.97,35.75 ,160,35.03
2713,8121,70.59,35.53 ,160,34.94
2713,8131,70.06,35.42 ,160,34.64
2713,8141,69.56,34.16 ,160,34.1
2713,8151,69.16,33.66 ,180,33.34
2713,8161,68.87,33.66 ,180,32.5
2713,8171,68.69,33.64 ,180,31.66
2713,8181,68.56,33.59 ,180,30.7
2713,8191,68.36,32.80 ,160,29.7
2713,8201,68.14,36.04 ,260,29.08
2713,8211,67.92,36.16 ,260,28.98
2713,8221,67.83,36.68 ,260,29.32
2713,8231,67.8,36.90 ,260,29.79
2713,8241,67.81,37.01 ,260,29.99
2713,8251,67.79,36.76 ,240,29.97
2713,8261,67.78,36.52 ,240,29.95
2713,8271,67.82,36.18 ,220,30.07
2713,8281,67.93,35.94 ,220,30.49
2713,8291,68.1,35.96 ,220,31.24
2713,8301,68.26,36.20 ,220,32.02
2713,8311,68.38,36.50 ,220,32.36
2713,8321,68.53,36.76 ,220,32.02
2713,8331,68.83,36.89 ,200,31.24
2713,8341,69.3,37.05 ,180,30.47
2713,8351,69.87,37.18 ,180,30.04
2713,8361,70.44,37.28 ,180,30.02
2713,8371,70.95,36.62 ,200,30.34
2713,8381,71.38,36.30 ,220,30.8
2713,8391,71.76,36.47 ,220,31.25
2713,8401,72.1,36.75 ,220,31.09
2713,8411,72.57,37.12 ,220,30.23
2713,8421,73.25,38.04 ,180,29.99
2713,8431,73.86,39.20 ,200,30.85
2713,8441,74.25,39.63 ,200,32.52
2713,8451,74.53,39.96 ,200,34.27
2713,8461,74.53,39.84 ,220,34.94
2713,8471,74.61,39.77 ,220,34.91
2714,7814,99.66,35.75 ,160,35
2714,7824,100.18,35.53 ,160,35
2714,7834,100.68,35.42 ,160,35
2714,7844,101.18,34.16 ,160,35
2714,7854,101.68,33.66 ,180,35
2714,7864,102.18,33.66 ,180,35
2714,7874,102.69,33.64 ,180,35
2714,7884,103.18,33.59 ,180,35
2714,7894,103.61,32.80 ,160,35
2714,7904,104.01,33.21 ,140,34.98
2714,7914,104.46,33.07 ,140,34.96
2714,7924,104.96,32.07 ,120,35.08
2714,7934,105.45,32.14 ,120,35.5
2714,7944,105.77,33.42 ,140,36.34
2714,7954,105.87,33.65 ,140,37.34
2714,7964,105.8,33.87 ,140,38.13
2714,7974,105.66,34.05 ,140,38.7
2714,7984,105.55,34.42 ,180,39.12
2714,7994,105.47,34.91 ,200,39.5
2714,8004,105.42,34.82 ,200,39.85
2714,8014,105.46,34.65 ,220,40
2714,8024,105.58,34.67 ,220,40.01
2714,8034,105.74,34.78 ,220,40
2714,8044,105.92,34.91 ,220,39.95
2714,8054,106.03,34.99 ,220,39.81
2714,8064,106.02,35.51 ,240,39.59
2714,8074,106,36.12 ,220,39.34
2714,8084,106.03,36.69 ,200,39.15
2714,8094,106.17,36.86 ,200,39.04
2714,8104,106.29,36.86 ,200,39.01
2714,8114,106.3,36.74 ,200,39.01
2714,8124,106.31,36.65 ,200,39.03
2714,8134,106.36,35.77 ,180,39.04
2714,8144,106.47,35.86 ,180,38.83
2714,8154,106.7,35.91 ,180,38.21
2714,8164,107.13,39.84 ,220,37.35
2714,8174,107.76,39.77 ,220,36.56
2714,8184,108.49,39.73 ,220,36.28
2714,8194,109.18,40.08 ,200,36.63
2714,8204,109.73,40.01 ,200,37.17
2714,8214,110.22,39.81 ,180,37.37
2714,8224,110.72,39.60 ,180,37
2714,8234,111.32,39.32 ,180,36.32
2714,8244,112.02,39.06 ,180,35.99
2714,8254,112.73,38.17 ,200,36.41
2714,8264,113.3,37.83 ,200,37.45
2714,8274,113.71,38.18 ,180,38.63
2714,8284,113.88,38.34 ,220,39.47
2714,8294,113.92,38.60 ,220,39.91
2714,8304,113.93,39.03 ,180,40.34
2714,8314,113.87,39.05 ,180,40.84
2714,8324,113.77,38.92 ,200,41.55
2714,8334,113.57,38.89 ,200,43.06
2714,8344,113.1,39.10 ,200,45.22
2714,8354,112.36,39.47 ,200,47.51
2714,8364,111.41,39.69 ,220,49.37
2714,8374,110.17,39.95 ,220,50.14
2714,8384,108.95,40.16 ,220,50.22
2714,8394,107.65,40.00 ,220,50.17
2714,8404,106.32,39.76 ,220,49.81
2714,8414,105.16,39.39 ,220,48.88
2714,8424,104.3,39.06 ,220,47.34
2714,8434,103.68,37.95 ,240,45.37
2714,8444,103.25,37.74 ,240,43.57
2714,8454,102.98,37.64 ,240,42.42
2714,8464,102.78,37.63 ,240,41.99
2714,8474,102.48,37.04 ,220,41.97
2714,8484,102.05,37.13 ,220,41.93
2714,8494,101.57,37.11 ,220,41.75
2714,8504,101.03,37.03 ,220,41.58
2716,7777,53.63,31.90 ,220,28.54
2716,7787,53.79,32.25 ,220,28.54
2716,7797,54.08,32.64 ,220,28.54
2716,7807,54.93,32.97 ,220,28.54
2716,7817,55.3,32.90 ,240,28.54
2716,7827,55.88,32.87 ,220,28.54
2716,7837,56.38,32.65 ,180,28.83
2716,7847,56.86,32.78 ,180,29.09
2716,7857,57.29,32.87 ,180,29.11
2716,7867,57.71,32.92 ,180,28.67
2716,7877,58.15,32.93 ,180,28.17
2716,7887,58.54,33.49 ,200,28.22
2716,7897,58.76,33.51 ,200,29.19
2716,7907,58.88,33.61 ,200,30.83
2716,7917,59,33.79 ,180,32.5
2716,7927,59.11,33.93 ,180,33.7
2716,7937,59.11,33.93 ,180,34.32
2716,7947,59.03,33.80 ,160,34.48
2716,7957,58.91,34.38 ,180,34.42
2716,7967,58.84,34.31 ,180,34.37
2716,7977,58.85,33.87 ,200,34.29
2716,7987,58.93,33.52 ,220,34.11
2716,7997,59.03,33.45 ,220,33.85
2716,8007,59.17,33.20 ,200,33.67
2716,8017,59.31,33.16 ,180,33.8
2716,8027,59.41,33.91 ,160,34.21
2716,8037,59.45,34.35 ,160,34.67
2716,8047,59.45,34.84 ,160,34.95
2716,8057,59.43,35.28 ,160,35.03
2716,8067,59.43,35.58 ,160,35
2716,8077,59.43,35.66 ,160,34.97
2716,8087,59.44,35.62 ,160,35.06
2716,8097,59.45,35.62 ,160,35.36
2716,8107,59.41,35.23 ,180,35.91
2716,8117,59.28,35.68 ,160,36.57
2716,8127,59.07,35.99 ,160,37.1
2716,8137,58.83,36.20 ,160,37.5
2716,8147,58.55,35.75 ,160,37.89
2716,8157,58.25,35.53 ,160,38.41
2716,8167,57.92,35.42 ,160,39.03
2716,8177,57.64,37.44 ,220,39.42
2716,8187,57.46,37.31 ,220,39.29
2716,8197,57.4,37.07 ,220,38.57
2716,8207,57.51,36.79 ,220,37.55
2716,8217,57.81,36.56 ,220,36.82
2716,8227,58.2,36.65 ,240,36.84
2716,8237,58.51,36.04 ,260,37.69
2716,8247,58.62,36.16 ,260,38.95
2716,8257,58.56,36.68 ,260,39.93
2716,8267,58.38,36.90 ,260,40.26
2716,8277,58.22,37.01 ,260,39.94
2716,8287,58.16,36.76 ,240,39.28
2716,8297,58.19,36.52 ,240,38.62
2716,8307,58.29,36.18 ,220,38.09
2716,8317,58.44,35.94 ,220,37.74
2716,8327,58.59,35.96 ,220,37.43
2716,8337,58.72,36.20 ,220,37.07
2716,8347,58.78,36.50 ,220,36.87
2716,8357,58.73,36.76 ,220,36.96
2716,8367,58.61,36.89 ,200,37.44
2716,8377,58.4,37.05 ,180,38.24
2716,8387,58.1,37.18 ,180,38.93
2716,8397,57.77,37.28 ,180,39.34
2716,8407,57.41,36.62 ,200,39.59
2716,8417,57.06,36.30 ,220,39.89
2716,8427,56.67,36.47 ,220,40.45
2716,8437,56.18,36.75 ,220,41.15
2716,8447,55.61,37.12 ,220,41.66
2716,8457,54.99,38.04 ,180,41.81
2716,8467,54.39,39.20 ,200,41.6
2717,7797,44.78,33.87 ,200,30
2717,7807,44.24,33.52 ,220,30
2717,7817,43.68,33.45 ,220,30
2717,7827,43.01,33.20 ,200,30
2717,7837,42.37,33.16 ,180,30
2717,7847,41.99,33.91 ,160,30
2717,7857,41.84,34.35 ,160,30
2717,7867,41.96,34.84 ,160,30
2717,7877,42.31,35.28 ,160,30
2717,7887,42.9,35.58 ,160,30
2717,7897,43.56,35.66 ,160,30
2717,7907,44.12,35.62 ,160,30
2717,7917,44.62,35.62 ,160,30
2717,7927,45.1,35.23 ,180,30
2717,7937,45.6,35.68 ,160,30
2717,7947,46.1,35.99 ,160,30
2717,7957,46.57,36.20 ,160,29.74
2717,7967,47.1,35.75 ,160,29.13
2717,7977,47.76,35.53 ,160,28.7
2717,7987,48.46,35.42 ,160,28.7
2717,7997,49.07,34.16 ,160,29.13
2717,8007,49.48,33.66 ,180,29.74
2717,8017,49.74,33.66 ,180,30
2717,8027,49.95,33.64 ,180,29.99
2717,8037,50.08,33.59 ,180,29.96
2717,8047,50.11,32.80 ,160,29.93
2717,8057,50,33.21 ,140,29.89
2717,8067,49.85,33.07 ,140,29.87
2717,8077,49.75,32.07 ,120,29.89
2717,8087,49.75,32.14 ,120,29.93
2717,8097,49.77,33.42 ,140,29.98
2717,8107,49.77,33.65 ,140,30.02
2717,8117,49.76,33.87 ,140,30.04
2717,8127,49.73,34.05 ,140,30.04
2717,8137,49.71,34.42 ,180,29.92
2717,8147,49.77,34.91 ,200,29.63
2717,8157,50,34.82 ,200,29.24
2717,8167,50.4,34.65 ,220,28.95
2717,8177,50.83,34.67 ,220,28.96
2717,8187,51.13,34.78 ,220,29.27
2717,8197,51.24,34.91 ,220,29.74
2717,8207,51.21,34.99 ,220,30.11
2717,8217,51.14,35.51 ,240,30.29
2717,8227,51.12,36.62 ,200,30.62
2717,8237,51.09,36.30 ,220,31.04
2717,8247,51.08,36.47 ,220,31.44
2717,8257,51.11,36.75 ,220,31.85
2717,8267,51.02,37.12 ,220,32.22
2717,8277,50.72,38.04 ,180,32.86
2717,8287,50.36,39.20 ,200,33.75
2717,8297,50.1,39.63 ,200,34.5
2717,8307,49.89,39.96 ,200,34.91
2717,8317,49.95,39.84 ,220,35.02
2717,8327,49.94,39.77 ,220,35.01
2717,8337,49.92,39.73 ,220,34.99
2717,8347,49.9,40.08 ,200,34.99
2717,8357,49.94,40.01 ,200,34.99
2717,8367,50.06,39.81 ,180,34.99
2717,8377,50.28,39.60 ,180,34.97
2717,8387,50.57,39.32 ,180,34.97
2717,8397,50.9,39.06 ,180,34.77
2717,8407,51.34,38.17 ,200,34.23
2717,8417,51.95,37.83 ,200,34.08
2717,8427,52.51,38.18 ,180,35
2717,8437,52.76,38.34 ,220,36.92
2717,8447,52.82,38.60 ,220,39.15
2717,8457,52.68,39.03 ,180,40.65
2717,8467,52.41,39.05 ,180,41.12
2717,8477,52.1,38.92 ,200,41.17
2717,8487,51.65,38.89 ,200,41.16
2719,7832,65.19,34.91 ,200,40
2719,7842,65.18,34.82 ,200,40
2719,7852,65.2,34.65 ,220,40
2719,7862,65.2,34.67 ,220,40
2719,7872,65.2,34.78 ,220,40
2719,7882,65.2,34.91 ,220,40
2719,7892,65.2,34.99 ,220,40
2719,7902,65.18,35.51 ,240,40
2719,7912,65.12,36.12 ,220,40
2719,7922,65.04,36.69 ,200,40
2719,7932,64.94,36.86 ,200,40
2719,7942,64.84,36.86 ,200,40
2719,7952,64.72,36.74 ,200,39.82
2719,7962,64.64,36.65 ,200,39.42
2719,7972,64.65,35.77 ,180,39.24
2719,7982,64.71,35.86 ,180,39.56
2719,7992,64.64,35.91 ,180,40.31
2719,8002,64.32,35.30 ,180,41.05
2719,8012,63.8,35.28 ,180,41.2
2719,8022,63.25,35.35 ,180,40.93
2719,8032,62.8,35.66 ,200,40.77
2719,8042,62.45,35.86 ,220,40.93
2719,8052,62.11,36.33 ,240,41.2
2719,8062,61.73,36.46 ,240,41.21
2719,8072,61.26,36.48 ,240,40.86
2719,8082,60.75,36.38 ,240,40.38
2719,8092,60.3,36.57 ,220,40.07
2719,8102,59.99,36.40 ,200,39.97
2719,8112,59.79,36.40 ,200,39.98
2719,8122,59.75,36.14 ,160,40
2719,8132,59.75,36.27 ,160,40
2719,8142,59.72,35.13 ,180,39.86
2719,8152,59.78,34.89 ,200,39.51
2719,8162,59.96,38.92 ,200,39.26
2719,8172,60.3,38.89 ,200,39.4
2719,8182,60.84,39.10 ,200,40.11
2719,8192,61.39,39.47 ,200,41.32
2719,8202,62,39.69 ,220,42.65
2719,8212,62.75,39.95 ,220,43.87
2719,8222,63.31,40.16 ,220,44.8
2719,8232,63.79,40.00 ,220,45.34
2719,8242,64.27,39.76 ,220,45.55
2719,8252,64.69,39.39 ,220,45.59
2719,8262,64.92,39.06 ,220,45.56
2719,8272,64.97,37.95 ,240,45.27
2719,8282,64.88,37.74 ,240,44.51
2719,8292,64.81,37.64 ,240,42.87
2719,8302,64.81,37.63 ,240,40.53
2719,8312,65.01,37.04 ,220,38.72
2719,8322,65.49,37.13 ,220,38.09
2719,8332,65.94,37.11 ,220,38.55
2719,8342,66.16,37.03 ,220,39.48
2719,8352,66.27,36.94 ,220,39.93
2719,8362,66.43,36.98 ,220,39.93
2719,8372,66.56,37.88 ,240,39.9
2719,8382,66.63,38.65 ,240,39.9
2719,8392,66.64,38.39 ,240,40.01
2719,8402,66.64,39.23 ,220,40.35
2719,8412,66.6,38.53 ,240,40.95
2719,8422,66.49,38.62 ,240,41.68
2719,8432,66.24,38.72 ,240,42.26
2719,8442,65.85,38.82 ,240,42.55
2719,8452,65.43,41.62 ,260,42.64
2719,8462,65.05,41.17 ,260,42.79
2719,8472,64.75,40.33 ,260,43.06
2719,8482,64.44,38.80 ,240,43.3
2719,8492,64.07,37.41 ,220,43.31
2719,8502,63.74,36.35 ,220,43.06
2719,8512,63.45,35.73 ,220,42.76
2719,8522,63.19,35.35 ,240,42.47
2723,7810,107.93,35.23 ,180,31.31
2723,7820,108.55,35.68 ,160,31.31
2723,7830,109.26,35.99 ,160,31.31
2723,7840,110,36.20 ,160,31.31
2723,7850,110.76,35.75 ,160,31.31
2723,7860,111.52,35.53 ,160,31.31
2723,7870,112.21,35.42 ,160,32.46
2723,7880,112.87,34.16 ,160,33.63
2723,7890,113.42,33.66 ,180,34.46
2723,7900,113.87,33.66 ,180,34.98
2723,7910,114.17,33.64 ,180,35.4
2723,7920,114.28,33.59 ,180,35.93
2723,7930,114.25,32.80 ,160,36.59
2723,7940,114.22,33.21 ,140,37.14
2723,7950,114.29,33.07 ,140,37.42
2723,7960,114.5,32.07 ,120,37.45
2723,7970,114.85,32.14 ,120,37.41
2723,7980,115.2,33.42 ,140,37.61
2723,7990,115.42,33.65 ,140,38.16
2723,8000,115.45,33.87 ,140,38.92
2723,8010,115.32,34.05 ,140,39.58
2723,8020,115.08,34.42 ,180,39.94
2723,8030,114.83,34.91 ,200,40.03
2723,8040,114.56,34.82 ,200,40.02
2723,8050,114.24,34.65 ,220,40
2723,8060,113.89,34.67 ,220,40
2723,8070,113.56,34.78 ,220,40
2723,8080,113.34,34.91 ,220,39.98
2723,8090,113.23,34.99 ,220,39.96
2723,8100,113.19,35.51 ,240,40.07
2723,8110,113.16,36.12 ,220,40.5
2723,8120,113.06,36.69 ,200,41.34
2723,8130,112.85,36.86 ,200,42.5
2723,8140,112.62,36.86 ,200,43.61
2723,8150,112.35,36.74 ,200,44.33
2723,8160,112.08,36.65 ,200,44.68
2723,8170,111.8,39.20 ,200,44.79
2723,8180,111.46,39.63 ,200,44.84
2723,8190,111.07,39.96 ,200,44.94
2723,8200,110.65,39.84 ,220,44.97
2723,8210,110.24,39.77 ,220,44.97
2723,8220,109.84,39.73 ,220,45.11
2723,8230,109.41,40.08 ,200,45.54
2723,8240,108.88,40.01 ,200,46.34
2723,8250,108.2,39.81 ,180,47.41
2723,8260,107.35,39.60 ,180,48.5
2723,8270,106.37,39.32 ,180,49.34
2723,8280,105.33,39.06 ,180,49.85
2723,8290,104.22,38.17 ,200,49.93
2723,8300,103.05,37.83 ,200,49.69
2723,8310,101.88,38.18 ,180,49.46
2723,8320,100.79,38.34 ,220,49.19
2723,8330,99.81,38.60 ,220,48.67
2723,8340,98.88,39.03 ,180,47.81
2723,8350,97.95,39.05 ,180,46.74
2723,8360,97.06,38.92 ,200,46.09
2723,8370,96.15,38.89 ,200,46.28
2723,8380,95.16,39.10 ,200,47.12
2723,8390,93.99,39.47 ,200,48.17
2723,8400,92.64,39.69 ,220,48.87
2723,8410,91.24,39.95 ,220,49.05
2723,8420,89.94,40.16 ,220,48.85
2723,8430,88.74,40.00 ,220,48.47
2723,8440,87.54,39.76 ,220,48.09
2723,8450,86.29,39.39 ,220,47.63
2723,8460,85.03,39.06 ,220,46.96
2723,8470,83.86,37.95 ,240,46.16
2723,8480,82.8,37.74 ,240,45.48
2723,8490,81.8,37.64 ,240,45.08
2723,8500,80.82,37.63 ,240,44.99
2725,7818,61.45,33.66 ,180,30
2725,7828,61.48,33.66 ,180,30
2725,7838,61.48,33.64 ,180,30
2725,7848,61.48,33.59 ,180,30
2725,7858,61.48,32.80 ,160,30
2725,7868,61.47,33.21 ,140,30
2725,7878,61.45,33.07 ,140,30
2725,7888,61.44,32.07 ,120,30
2725,7898,61.42,32.14 ,120,30
2725,7908,61.42,33.42 ,140,30
2725,7918,61.42,33.65 ,140,30
2725,7928,61.43,33.87 ,140,30
2725,7938,61.44,34.05 ,140,30
2725,7948,61.45,34.42 ,180,30
2725,7958,61.45,34.91 ,200,30
2725,7968,61.37,34.82 ,200,29.74
2725,7978,61.28,34.65 ,220,29.14
2725,7988,61.28,34.67 ,220,28.71
2725,7998,61.36,34.78 ,220,28.71
2725,8008,61.45,34.91 ,220,29.14
2725,8018,61.5,34.99 ,220,29.75
2725,8028,61.5,35.51 ,240,30.03
2725,8038,61.51,36.12 ,220,29.94
2725,8048,61.58,36.69 ,200,29.64
2725,8058,61.74,36.86 ,200,29.09
2725,8068,62.04,36.86 ,200,28.32
2725,8078,62.45,36.74 ,200,27.56
2725,8088,62.96,36.65 ,200,27
2725,8098,63.63,35.77 ,180,26.79
2725,8108,64.42,35.86 ,180,26.91
2725,8118,65.22,35.91 ,180,27.17
2725,8128,66.01,35.30 ,180,27.49
2725,8138,66.76,35.28 ,180,27.91
2725,8148,67.44,35.35 ,180,28.36
2725,8158,68.07,35.66 ,200,28.7
2725,8168,68.66,35.86 ,220,28.78
2725,8178,69.28,36.33 ,240,28.71
2725,8188,69.94,36.46 ,240,28.79
2725,8198,70.56,36.48 ,240,29.15
2725,8208,71.14,36.38 ,240,29.61
2725,8218,71.62,36.57 ,220,29.93
2725,8228,71.94,36.40 ,200,29.98
2725,8238,72.29,36.40 ,200,29.69
2725,8248,72.97,38.34 ,220,29.19
2725,8258,73.88,38.60 ,220,28.91
2725,8268,75.04,39.03 ,180,28.98
2725,8278,76.29,39.05 ,180,29.37
2725,8288,77.43,38.92 ,200,29.82
2725,8298,78.53,38.89 ,200,29.98
2725,8308,79.67,39.10 ,200,29.96
2725,8318,80.79,39.47 ,200,30.06
2725,8328,81.78,39.69 ,220,30.44
2725,8338,82.57,39.95 ,220,31.1
2725,8348,83.11,40.16 ,220,31.89
2725,8358,83.38,40.00 ,220,32.55
2725,8368,83.44,39.76 ,220,32.91
2725,8378,83.32,39.39 ,220,33.03
2725,8388,83.05,39.06 ,220,33.05
2725,8398,82.62,37.95 ,240,33.05
2725,8408,82.1,37.74 ,240,33.06
2725,8418,81.61,37.64 ,240,33.06
2725,8428,81.25,37.63 ,240,33
2725,8438,81.04,37.04 ,220,32.82
2725,8448,80.96,37.13 ,220,32.09
2725,8458,81.21,37.11 ,220,30.9
2725,8468,81.77,37.03 ,220,30.49
2725,8478,82.37,36.94 ,220,31.23
2725,8488,82.87,36.98 ,220,32.78
2725,8498,83.36,37.88 ,240,34.36
2725,8508,83.7,38.65 ,240,35.06
2726,7798,115.75,33.52 ,220,30
2726,7808,116.28,33.45 ,220,30
2726,7818,117.25,33.20 ,200,30
2726,7828,117.58,33.16 ,180,30
2726,7838,117.85,33.91 ,160,30
2726,7848,118.18,34.35 ,160,30
2726,7858,118.65,34.84 ,160,30
2726,7868,119.18,35.28 ,160,30
2726,7878,119.67,35.58 ,160,30
2726,7888,120.15,35.66 ,160,30
2726,7898,120.65,35.62 ,160,30
2726,7908,121.33,35.62 ,160,30
2726,7918,122.16,35.23 ,180,30
2726,7928,123.17,35.68 ,160,30
2726,7938,124.32,35.99 ,160,30
2726,7948,125.66,36.20 ,160,30
2726,7958,127,35.75 ,160,29.63
2726,7968,128.41,35.53 ,160,28.78
2726,7978,130.05,35.42 ,160,28.17
2726,7988,131.48,34.16 ,160,28.17
2726,7998,132.64,33.66 ,180,28.77
2726,8008,133.43,33.66 ,180,29.63
2726,8018,133.88,33.64 ,180,30
2726,8028,134.26,33.59 ,180,30
2726,8038,134.68,32.80 ,160,30
2726,8048,135.04,33.21 ,140,30
2726,8058,135.44,33.07 ,140,30
2726,8068,135.92,32.07 ,120,30
2726,8078,136.48,32.14 ,120,30
2726,8088,137.17,33.42 ,140,30
2726,8098,137.98,33.65 ,140,30
2726,8108,138.9,33.87 ,140,30
2726,8118,139.85,34.05 ,140,30
2726,8128,140.79,34.42 ,180,30
2726,8138,141.7,34.91 ,200,30
2726,8148,142.59,34.82 ,200,30
2726,8158,143.44,34.65 ,220,29.98
2726,8168,144.28,34.67 ,220,29.96
2726,8178,145.15,34.78 ,220,30.08
2726,8188,146,34.91 ,220,30.5
2726,8198,146.79,34.99 ,220,31.34
2726,8208,93.95,35.51 ,240,32.19
2726,8218,94.13,36.12 ,220,32.63
2726,8228,94.39,36.30 ,220,32.96
2726,8238,94.64,36.47 ,220,33.38
2726,8248,94.84,36.75 ,220,34
2726,8258,94.92,37.12 ,220,34.7
2726,8268,94.98,38.04 ,180,34.99
2726,8278,95.11,39.20 ,200,34.99
2726,8288,95.24,39.63 ,200,34.99
2726,8298,95.33,39.96 ,200,34.99
2726,8308,95.35,39.84 ,220,34.99
2726,8318,95.34,39.77 ,220,34.99
2726,8328,95.35,39.73 ,220,34.99
2726,8338,95.42,40.08 ,200,34.99
2726,8348,95.5,40.01 ,200,34.99
2726,8358,95.56,39.81 ,180,34.99
2726,8368,95.58,39.60 ,180,34.99
2726,8378,95.58,39.32 ,180,34.99
2726,8388,95.58,39.06 ,180,34.99
2726,8398,95.52,38.17 ,200,34.1
2726,8408,95.76,37.83 ,200,32.03
2726,8418,96.1,38.18 ,180,30.57
2726,8428,96.71,38.34 ,220,30.62
2726,8438,97.05,38.60 ,220,32.16
2726,8448,97.27,39.03 ,180,34.23
2726,8458,97.25,39.05 ,180,35.09
2726,8468,97.14,38.92 ,200,35.06
2726,8478,96.9,38.89 ,200,35.08
2726,8488,96.5,39.10 ,200,35.16
2728,7831,72.91,34.42 ,180,41.17
2728,7841,72.93,34.91 ,200,41.17
2728,7851,72.93,34.82 ,200,41.17
2728,7861,72.93,34.65 ,220,41.17
2728,7871,72.93,34.67 ,220,41.17
2728,7881,72.77,34.78 ,220,41.17
2728,7891,72.62,34.91 ,220,41.37
2728,7901,72.5,34.99 ,220,41.71
2728,7911,72.33,35.51 ,240,42.52
2728,7921,72,36.12 ,220,43.69
2728,7931,71.58,36.69 ,200,44.46
2728,7941,71.22,36.86 ,200,44.15
2728,7951,71.18,36.86 ,200,42.91
2728,7961,71.39,36.74 ,200,41.68
2728,7971,71.85,36.65 ,200,41.42
2728,7981,72.2,35.77 ,180,42.26
2728,7991,72.39,35.86 ,180,43.54
2728,8001,72.44,35.91 ,180,44.52
2728,8011,72.44,35.30 ,180,45.06
2728,8021,72.43,35.28 ,180,45.53
2728,8031,72.37,35.35 ,180,46.35
2728,8041,72.17,35.66 ,200,47.43
2728,8051,71.91,35.86 ,220,48.31
2728,8061,71.67,36.33 ,240,48.6
2728,8071,71.57,36.46 ,240,48.26
2728,8081,71.7,36.48 ,240,47.61
2728,8091,71.99,36.38 ,240,47.05
2728,8101,72.35,36.57 ,220,46.74
2728,8111,72.69,36.40 ,200,46.51
2728,8121,72.98,36.40 ,200,46.22
2728,8131,73.33,38.34 ,220,46
2728,8141,73.69,38.60 ,220,46.02
2728,8151,73.94,39.03 ,180,46.15
2728,8161,74.02,39.05 ,180,46.16
2728,8171,73.95,38.92 ,200,45.83
2728,8181,73.94,38.89 ,200,45.37
2728,8191,74.07,39.10 ,200,45.05
2728,8201,74.36,39.47 ,200,44.95
2728,8211,74.77,39.69 ,220,44.97
2728,8221,75.21,39.95 ,220,44.98
2728,8231,75.64,40.16 ,220,44.98
2728,8241,76.01,40.00 ,220,44.98
2728,8251,76.33,39.76 ,220,45
2728,8261,76.62,39.39 ,220,44.84
2728,8271,76.88,39.06 ,220,44.41
2728,8281,77.16,37.95 ,240,44.2
2728,8291,77.36,37.74 ,240,44.65
2728,8301,77.33,37.64 ,240,45.86
2728,8311,77.16,37.63 ,240,47.4
2728,8321,76.81,37.04 ,220,48.28
2728,8331,76.42,37.13 ,220,48.15
2728,8341,76.13,37.11 ,220,47.56
2728,8351,75.91,37.03 ,220,47.22
2728,8361,75.52,36.94 ,220,47.49
2728,8371,74.9,36.98 ,220,48.06
2728,8381,74.03,37.88 ,240,48.4
2728,8391,73.11,38.65 ,240,48.3
2728,8401,72.27,38.39 ,240,47.96
2728,8411,71.5,39.23 ,220,47.62
2728,8421,70.76,38.53 ,240,47.24
2728,8431,70.05,38.62 ,240,46.67
2728,8441,69.36,38.72 ,240,45.99
2728,8451,68.64,38.82 ,240,45.4
2728,8461,67.88,41.62 ,260,45.06
2728,8471,67.06,41.17 ,260,44.97
2728,8481,66.22,40.33 ,260,45
2728,8491,65.32,35.58 ,220,45.03
2728,8501,64.36,35.92 ,240,44.91
2728,8511,63.33,35.99 ,240,44.39
2728,8521,62.42,36.68 ,220,43.32
2729,7854,88.33,36.33 ,240,38.63
2729,7864,88.99,36.46 ,240,38.63
2729,7874,89.13,36.48 ,240,38.63
2729,7884,89.18,36.38 ,240,38.63
2729,7894,89.17,36.57 ,220,38.63
2729,7904,89.45,36.40 ,200,38.63
2729,7914,89.62,36.40 ,200,38.95
2729,7924,89.69,36.14 ,160,39.53
2729,7934,89.67,36.27 ,160,39.93
2729,7944,89.67,35.13 ,180,40.03
2729,7954,89.66,34.89 ,200,40.02
2729,7964,89.57,34.14 ,180,40
2729,7974,89.45,33.93 ,180,40
2729,7984,89.35,34.81 ,200,39.86
2729,7994,89.44,34.78 ,200,39.54
2729,8004,89.71,34.49 ,180,39.32
2729,8014,90.14,34.62 ,180,39.32
2729,8024,90.68,34.65 ,200,39.54
2729,8034,91.24,34.96 ,180,39.86
2729,8044,91.8,35.12 ,180,40
2729,8054,92.36,35.27 ,180,40
2729,8064,92.92,35.40 ,180,39.98
2729,8074,93.5,36.34 ,160,39.97
2729,8084,94.06,36.50 ,160,40.06
2729,8094,94.42,36.51 ,160,40.37
2729,8104,94.52,36.45 ,160,40.81
2729,8114,94.39,36.41 ,160,41.26
2729,8124,93.98,36.45 ,160,41.68
2729,8134,93.56,36.71 ,160,42.17
2729,8144,93.26,37.27 ,160,42.9
2729,8154,92.97,37.24 ,180,43.78
2729,8164,92.51,38.18 ,180,44.39
2729,8174,92,38.22 ,160,44.52
2729,8184,91.54,38.65 ,240,44.44
2729,8194,91.1,38.39 ,240,44.41
2729,8204,90.67,39.23 ,220,44.59
2729,8214,90.22,38.53 ,240,44.87
2729,8224,89.84,38.62 ,240,44.98
2729,8234,89.57,38.72 ,240,44.98
2729,8244,89.34,38.82 ,240,44.98
2729,8254,89.11,41.62 ,260,44.99
2729,8264,88.86,41.17 ,260,44.99
2729,8274,88.64,40.33 ,260,44.98
2729,8284,88.48,38.80 ,240,44.98
2729,8294,88.35,37.41 ,220,44.98
2729,8304,88.18,36.35 ,220,44.98
2729,8314,87.93,35.73 ,220,44.62
2729,8324,87.73,35.35 ,240,43.76
2729,8334,87.69,35.60 ,240,43.14
2729,8344,87.66,36.19 ,240,43.11
2729,8354,87.49,36.52 ,220,43.71
2729,8364,87.07,37.13 ,220,44.56
2729,8374,86.57,38.10 ,240,44.83
2729,8384,86.23,37.92 ,260,44.66
2729,8394,85.98,38.63 ,240,44.64
2729,8404,85.67,38.38 ,220,45.01
2729,8414,85.19,39.28 ,200,45.93
2729,8424,84.51,39.85 ,200,47.1
2729,8434,83.72,40.38 ,200,47.98
2729,8444,82.92,40.94 ,200,48.33
2729,8454,82.2,41.50 ,200,48.24
2729,8464,81.66,41.98 ,200,47.91
2729,8474,81.26,42.22 ,200,47.49
2729,8484,80.96,41.84 ,200,46.87
2729,8494,80.76,41.88 ,180,46.03
2729,8504,80.67,40.55 ,180,45.08
2729,8514,80.68,39.65 ,180,44.17
2729,8524,80.79,39.52 ,180,43.42
2729,8534,80.94,39.97 ,180,42.9
2729,8544,80.98,35.12 ,240,42.5
2730,7871,69.8,34.65 ,200,34.08
2730,7881,70.28,34.96 ,180,34.08
2730,7891,70.8,35.12 ,180,34.08
2730,7901,71.3,35.27 ,180,34.08
2730,7911,72.3,35.40 ,180,34.08
2730,7921,72.8,36.34 ,160,34.08
2730,7931,73.32,36.50 ,160,34.72
2730,7941,73.78,36.51 ,160,35.01
2730,7951,74.33,36.45 ,160,35.03
2730,7961,74.94,36.41 ,160,35.02
2730,7971,75.59,36.45 ,160,34.98
2730,7981,76.27,36.71 ,160,34.96
2730,7991,77.01,37.27 ,160,35.08
2730,8001,77.85,37.24 ,180,35.5
2730,8011,78.76,38.18 ,180,36.34
2730,8021,79.57,38.22 ,160,37.34
2730,8031,80.21,38.10 ,140,38.12
2730,8041,80.76,39.52 ,120,38.68
2730,8051,81.3,39.24 ,140,39.11
2730,8061,81.86,41.06 ,120,39.49
2730,8071,82.39,41.20 ,120,39.85
2730,8081,82.87,41.20 ,120,40
2730,8091,83.37,41.09 ,120,40
2730,8101,83.87,34.00 ,100,40
2730,8111,84.37,35.71 ,140,39.98
2730,8121,84.87,35.71 ,140,39.99
2730,8131,85.39,35.74 ,140,40.17
2730,8141,85.88,35.81 ,140,40.71
2730,8151,86.29,35.89 ,140,41.66
2730,8161,86.6,36.41 ,160,42.91
2730,8171,86.71,36.92 ,140,44.18
2730,8181,86.51,37.09 ,140,45.17
2730,8191,86.14,37.34 ,140,45.77
2730,8201,85.8,37.58 ,140,45.9
2730,8211,85.65,37.67 ,140,45.68
2730,8221,85.65,38.10 ,240,45.47
2730,8231,85.6,37.92 ,260,45.29
2730,8241,85.51,38.63 ,240,45.1
2730,8251,85.42,38.38 ,220,44.84
2730,8261,85.47,39.28 ,200,44.5
2730,8271,85.72,39.85 ,200,44.35
2730,8281,86.09,40.38 ,200,44.5
2730,8291,86.5,40.94 ,200,44.75
2730,8301,86.86,41.50 ,200,44.94
2730,8311,87.16,41.98 ,200,45.01
2730,8321,87.44,42.22 ,200,45
2730,8331,87.69,41.84 ,200,44.99
2730,8341,87.86,41.88 ,180,44.99
2730,8351,87.88,40.55 ,180,44.65
2730,8361,87.86,39.65 ,180,43.87
2730,8371,87.91,39.52 ,180,43.31
2730,8381,87.96,39.97 ,180,43.3
2730,8391,87.91,40.20 ,160,43.83
2730,8401,87.69,41.17 ,140,44.51
2730,8411,59.97,41.32 ,120,44.71
2730,8421,87.08,40.60 ,120,44.69
2730,8431,86.65,38.19 ,140,44.97
2730,8441,86.02,37.38 ,200,45.65
2730,8451,85.22,37.12 ,180,46.51
2730,8461,84.35,37.45 ,180,47.12
2730,8471,83.56,37.70 ,180,47.31
2730,8481,82.85,37.87 ,180,47.13
2730,8491,82.16,37.89 ,200,46.83
2730,8501,81.44,38.13 ,200,46.61
2730,8511,80.66,38.41 ,200,46.41
2730,8521,79.85,39.24 ,180,46.07
2730,8531,79.12,40.00 ,160,45.65
2730,8541,78.51,40.12 ,160,45.28
2730,8551,77.99,40.19 ,160,44.95
2730,8561,77.52,40.20 ,160,44.6
2731,7817,52.1,34.16 ,160,30
2731,7827,51.89,33.66 ,180,30
2731,7837,51.85,33.66 ,180,30
2731,7847,51.89,33.64 ,180,30
2731,7857,51.89,33.59 ,180,30
2731,7867,51.89,32.80 ,160,30
2731,7877,51.89,33.21 ,140,30
2731,7887,51.89,33.07 ,140,30
2731,7897,51.89,32.07 ,120,30
2731,7907,51.89,32.14 ,120,30
2731,7917,51.89,33.42 ,140,30
2731,7927,51.89,33.65 ,140,30
2731,7937,51.89,33.87 ,140,30
2731,7947,51.88,34.05 ,140,30
2731,7957,51.84,34.42 ,180,29.63
2731,7967,51.88,34.91 ,200,28.76
2731,7977,52.09,34.82 ,200,28.15
2731,7987,52.37,34.65 ,220,28.15
2731,7997,52.58,34.67 ,220,28.76
2731,8007,52.6,34.78 ,220,29.62
2731,8017,52.55,34.91 ,220,30
2731,8027,52.6,34.99 ,220,30
2731,8037,52.8,35.51 ,240,30
2731,8047,53.1,36.12 ,220,30
2731,8057,53.37,36.69 ,200,30
2731,8067,53.66,36.86 ,200,30
2731,8077,54,36.86 ,200,30
2731,8087,54.47,36.74 ,200,30
2731,8097,55,36.65 ,200,30
2731,8107,55.5,35.77 ,180,30
2731,8117,56,35.86 ,180,30
2731,8127,56.5,35.91 ,180,30.01
2731,8137,56.99,35.30 ,180,30.02
2731,8147,57.48,35.28 ,180,29.91
2731,8157,57.99,35.35 ,180,29.72
2731,8167,58.55,35.66 ,200,29.67
2731,8177,59.12,35.86 ,220,30.04
2731,8187,59.6,36.33 ,240,30.99
2731,8197,59.93,36.46 ,240,32.29
2731,8207,60.11,36.48 ,240,33.15
2731,8217,60.21,36.38 ,240,33.2
2731,8227,60.47,38.17 ,200,33.03
2731,8237,60.48,37.83 ,200,33.1
2731,8247,60.35,38.18 ,180,33.59
2731,8257,59.8,38.34 ,220,34.15
2731,8267,59.48,38.60 ,220,34.05
2731,8277,59.35,39.03 ,180,33.33
2731,8287,59.63,39.05 ,180,32.39
2731,8297,59.95,38.92 ,200,31.44
2731,8307,60.37,38.89 ,200,30.67
2731,8317,60.87,39.10 ,200,30.19
2731,8327,61.42,39.47 ,200,30.11
2731,8337,61.96,39.69 ,220,30.49
2731,8347,62.43,39.95 ,220,31.33
2731,8357,62.73,40.16 ,220,32.49
2731,8367,62.9,40.00 ,220,33.65
2731,8377,62.91,39.76 ,220,34.48
2731,8387,62.86,39.39 ,220,34.91
2731,8397,62.79,39.06 ,220,35.02
2731,8407,62.64,37.95 ,240,34.2
2731,8417,62.71,37.74 ,240,32.29
2731,8427,62.86,37.64 ,240,30.82
2731,8437,63.3,37.63 ,240,30.5
2731,8447,63.64,37.04 ,220,31.4
2731,8457,63.86,37.13 ,220,32.84
2731,8467,63.79,37.11 ,220,33.26
2731,8477,63.74,37.03 ,220,32.87
2731,8487,63.67,36.94 ,220,32.43
2731,8497,63.62,36.98 ,220,31.99
2731,8507,63.6,37.88 ,240,31.58
2732,7834,51.01,34.65 ,220,33.78
2732,7844,50.36,34.67 ,220,33.78
2732,7854,49.67,34.78 ,220,33.78
2732,7864,49.02,34.91 ,220,33.78
2732,7874,48.49,34.99 ,220,33.78
2732,7884,48.19,35.51 ,240,33.78
2732,7894,47.87,36.12 ,220,33.69
2732,7904,47.52,36.69 ,200,33.97
2732,7914,47.07,36.86 ,200,34.41
2732,7924,46.47,36.86 ,200,34.77
2732,7934,45.75,36.74 ,200,34.96
2732,7944,44.95,36.65 ,200,35.01
2732,7954,44.09,35.77 ,180,34.98
2732,7964,43.23,35.86 ,180,34.7
2732,7974,42.45,35.91 ,180,33.74
2732,7984,41.91,35.30 ,180,32.03
2732,7994,41.55,35.28 ,180,30.31
2732,8004,41.42,35.35 ,180,29.26
2732,8014,41.47,35.66 ,200,29.14
2732,8024,41.44,35.86 ,220,29.6
2732,8034,41.3,36.33 ,240,29.94
2732,8044,41.13,36.46 ,240,30.02
2732,8054,41,36.48 ,240,30.03
2732,8064,40.95,36.38 ,240,30.03
2732,8074,40.93,36.57 ,220,29.93
2732,8084,40.95,36.40 ,200,29.61
2732,8094,41.02,36.40 ,200,29.15
2732,8104,41.11,36.14 ,160,28.8
2732,8114,41.13,36.27 ,160,28.7
2732,8124,41.1,35.13 ,180,28.67
2732,8134,41.1,34.89 ,200,28.4
2732,8144,41.24,34.14 ,180,27.81
2732,8154,41.53,33.93 ,180,27.13
2732,8164,41.87,34.81 ,200,26.72
2732,8174,42.22,34.78 ,200,26.7
2732,8184,42.55,34.49 ,180,27.01
2732,8194,42.89,34.62 ,180,27.48
2732,8204,43.25,34.65 ,200,27.94
2732,8214,43.68,34.96 ,180,28.33
2732,8224,44.14,35.12 ,180,28.73
2732,8234,44.55,35.27 ,180,28.99
2732,8244,44.92,35.40 ,180,28.98
2732,8254,45.34,37.95 ,240,28.96
2732,8264,45.77,37.74 ,240,29.06
2732,8274,46.19,37.64 ,240,29.36
2732,8284,46.52,37.63 ,240,29.79
2732,8294,46.81,37.04 ,220,29.99
2732,8304,47.13,37.13 ,220,29.99
2732,8314,47.27,37.11 ,220,29.97
2732,8324,47.25,37.03 ,220,29.96
2732,8334,47.27,36.94 ,220,30.05
2732,8344,47.49,36.98 ,220,30.35
2732,8354,47.78,37.88 ,240,30.89
2732,8364,48.23,38.65 ,240,31.65
2732,8374,48.51,38.39 ,240,32.49
2732,8384,48.76,39.23 ,220,33.33
2732,8394,49,38.53 ,240,34.09
2732,8404,49.26,38.62 ,240,34.63
2732,8414,49.51,38.72 ,240,34.93
2732,8424,49.73,38.82 ,240,35.02
2732,8434,49.93,41.62 ,260,35.01
2732,8444,50.05,41.17 ,260,34.41
2732,8454,50.39,40.33 ,260,33.02
2732,8464,50.85,38.80 ,240,31.88
2732,8474,51.49,37.41 ,220,31.58
2732,8484,51.97,36.35 ,220,32.18
2732,8494,52.26,35.73 ,220,33.23
2732,8504,52.45,35.35 ,240,33.64
2732,8514,52.79,35.60 ,240,33.59
2732,8524,53.13,36.19 ,240,33.58
2734,7852,92.6,35.66 ,200,36.4
2734,7862,93.92,35.86 ,220,36.4
2734,7872,95.34,36.33 ,240,36.4
2734,7882,96.73,36.46 ,240,36.4
2734,7892,97.53,36.48 ,240,36.4
2734,7902,98.76,36.38 ,240,36.4
2734,7912,99.85,36.57 ,220,36.61
2734,7922,100.86,36.40 ,200,37.49
2734,7932,101.7,36.40 ,200,38.65
2734,7942,102.34,36.14 ,160,39.49
2734,7952,102.9,36.27 ,160,39.92
2734,7962,103.49,35.13 ,180,40.03
2734,7972,104.14,34.89 ,200,40.02
2734,7982,104.77,34.14 ,180,40
2734,7992,105.32,33.93 ,180,39.95
2734,8002,105.82,34.81 ,200,39.83
2734,8012,106.33,34.78 ,200,39.74
2734,8022,106.86,34.49 ,180,39.74
2734,8032,107.39,34.62 ,180,39.83
2734,8042,107.9,34.65 ,200,39.95
2734,8052,108.39,34.96 ,180,39.98
2734,8062,108.89,35.12 ,180,39.96
2734,8072,109.43,35.27 ,180,40.05
2734,8082,109.92,35.40 ,180,40.36
2734,8092,110.27,36.34 ,160,40.93
2734,8102,110.49,36.50 ,160,41.61
2734,8112,110.79,36.51 ,160,42.07
2734,8122,111.18,36.45 ,160,42.05
2734,8132,111.82,36.41 ,160,41.58
2734,8142,112.62,36.45 ,160,41.09
2734,8152,113.38,36.71 ,160,41.14
2734,8162,113.96,37.27 ,160,41.97
2734,8172,114.35,37.24 ,180,43.35
2734,8182,114.74,38.18 ,180,44.79
2734,8192,115.06,37.88 ,240,45.89
2734,8202,115.27,38.65 ,240,46.57
2734,8212,115.39,38.39 ,240,46.89
2734,8222,115.45,39.23 ,220,47.03
2734,8232,115.5,38.53 ,240,47.07
2734,8242,115.51,38.62 ,240,47.02
2734,8252,115.43,38.72 ,240,46.83
2734,8262,115.29,38.82 ,240,46.39
2734,8272,115.14,41.62 ,260,45.57
2734,8282,115.13,41.17 ,260,44.36
2734,8292,115.26,40.33 ,260,42.99
2734,8302,115.54,38.80 ,240,41.9
2734,8312,115.96,37.41 ,220,41.48
2734,8322,116.36,36.35 ,220,41.57
2734,8332,116.58,35.73 ,220,41.66
2734,8342,116.64,35.35 ,240,41.49
2734,8352,116.63,35.60 ,240,41.02
2734,8362,116.55,36.19 ,240,40.49
2734,8372,116.41,36.52 ,220,40.17
2734,8382,116.21,37.13 ,220,39.96
2734,8392,115.94,38.10 ,240,39.88
2734,8402,115.58,37.92 ,260,40.05
2734,8412,115.12,38.63 ,240,40.5
2734,8422,114.56,38.38 ,220,41.26
2734,8432,113.88,39.28 ,200,42.25
2734,8442,113.08,39.85 ,200,43.16
2734,8452,112.19,40.38 ,200,43.69
2734,8462,111.28,40.94 ,200,43.81
2734,8472,110.4,41.50 ,200,43.73
2734,8482,109.56,41.98 ,200,43.64
2734,8492,108.72,42.22 ,200,43.5
2734,8502,107.89,41.84 ,200,43.06
2734,8512,107.15,41.88 ,180,42.23
2734,8522,106.54,40.55 ,180,41.24
2734,8532,106.06,39.65 ,180,40.48
2734,8542,105.65,39.52 ,180,40.1
2735,7831,44.03,34.42 ,180,30
2735,7841,43.99,34.91 ,200,30
2735,7851,43.78,34.82 ,200,30
2735,7861,43.51,34.65 ,220,30
2735,7871,43.3,34.67 ,220,30
2735,7881,43.26,34.78 ,220,30
2735,7891,43.3,34.91 ,220,30
2735,7901,43.3,34.99 ,220,30
2735,7911,43.3,35.51 ,240,30
2735,7921,43.3,36.12 ,220,30
2735,7931,43.3,36.69 ,200,30
2735,7941,43.3,36.86 ,200,30
2735,7951,43.3,36.86 ,200,30
2735,7961,43.3,36.74 ,200,30
2735,7971,43.29,36.65 ,200,30
2735,7981,43.25,35.77 ,180,29.63
2735,7991,43.29,35.86 ,180,28.78
2735,8001,43.5,35.91 ,180,28.17
2735,8011,43.78,35.30 ,180,28.17
2735,8021,44,35.28 ,180,28.78
2735,8031,44.02,35.35 ,180,29.63
2735,8041,43.93,35.66 ,200,30
2735,8051,43.85,35.86 ,220,30
2735,8061,43.87,36.33 ,240,30
2735,8071,44.03,36.46 ,240,30
2735,8081,44.36,36.48 ,240,30
2735,8091,44.75,36.38 ,240,29.98
2735,8101,45.06,36.57 ,220,29.96
2735,8111,45.32,36.40 ,200,30.07
2735,8121,45.62,36.40 ,200,30.48
2735,8131,46.01,36.14 ,160,31.23
2735,8141,46.33,36.27 ,160,32.13
2735,8151,46.44,35.13 ,180,32.77
2735,8161,46.4,34.89 ,200,32.94
2735,8171,46.28,34.14 ,180,32.81
2735,8181,46.11,33.93 ,180,32.74
2735,8191,45.87,34.81 ,200,32.97
2735,8201,45.53,34.78 ,200,33.41
2735,8211,45.14,34.49 ,180,33.79
2735,8221,44.74,34.62 ,180,33.67
2735,8231,44.56,34.65 ,200,33
2735,8241,44.64,40.00 ,220,32.47
2735,8251,44.92,39.76 ,220,32.45
2735,8261,45.2,39.39 ,220,32.95
2735,8271,45.36,39.06 ,220,33.68
2735,8281,45.5,37.95 ,240,34.11
2735,8291,45.37,37.74 ,240,34.37
2735,8301,45.1,37.64 ,240,34.74
2735,8311,44.52,37.63 ,240,35.12
2735,8321,44.06,37.04 ,220,35.38
2735,8331,43.7,37.13 ,220,35.5
2735,8341,43.57,37.11 ,220,35.52
2735,8351,43.33,37.03 ,220,35.5
2735,8361,43.06,36.94 ,220,35.49
2735,8371,42.73,36.98 ,220,35.53
2735,8381,42.35,37.88 ,240,35.7
2735,8391,41.93,38.65 ,240,36.04
2735,8401,41.4,38.39 ,240,36.51
2735,8411,40.68,39.23 ,220,36.12
2735,8421,40.23,38.53 ,240,34.45
2735,8431,39.93,38.62 ,240,33.18
2735,8441,39.98,38.72 ,240,33.22
2735,8451,39.85,38.82 ,240,34.65
2735,8461,39.71,41.62 ,260,36.65
2735,8471,39.35,41.17 ,260,37.52
2735,8481,39.06,40.33 ,260,37.47
2735,8491,38.73,38.80 ,240,37.38
2735,8501,38.39,37.41 ,220,37.24
2735,8511,38.1,36.35 ,220,37.09
2735,8521,37.87,35.73 ,220,37
2737,7853,61.57,35.86 ,220,35
2737,7863,61.08,36.33 ,240,35
2737,7873,60.59,36.46 ,240,35
2737,7883,60.1,36.48 ,240,35
2737,7893,59.6,36.38 ,240,35
2737,7903,59.11,36.57 ,220,35
2737,7913,58.61,36.40 ,200,35
2737,7923,58.06,36.40 ,200,35
2737,7933,57.43,36.14 ,160,35
2737,7943,56.78,36.27 ,160,35
2737,7953,56.16,35.13 ,180,35
2737,7963,55.55,34.89 ,200,35
2737,7973,54.89,34.14 ,180,35
2737,7983,54.09,33.93 ,180,34.74
2737,7993,53.28,34.81 ,200,34.14
2737,8003,52.56,34.78 ,200,33.71
2737,8013,51.91,34.49 ,180,33.71
2737,8023,51.27,34.62 ,180,34.14
2737,8033,50.58,34.65 ,200,34.74
2737,8043,49.87,34.96 ,180,34.99
2737,8053,49.22,35.12 ,180,34.96
2737,8063,48.63,35.27 ,180,34.93
2737,8073,48.07,35.40 ,180,34.89
2737,8083,47.47,36.34 ,160,34.87
2737,8093,46.86,36.50 ,160,34.89
2737,8103,46.27,36.51 ,160,34.93
2737,8113,45.75,36.45 ,160,34.98
2737,8123,45.26,36.41 ,160,35.02
2737,8133,44.76,36.45 ,160,35.04
2737,8143,44.25,36.71 ,160,35.04
2737,8153,43.73,37.27 ,160,34.93
2737,8163,43.22,37.24 ,180,34.63
2737,8173,42.76,38.18 ,180,34.12
2737,8183,42.41,38.22 ,160,33.46
2737,8193,42.21,38.10 ,140,32.69
2737,8203,42.16,39.52 ,120,31.66
2737,8213,42.36,39.24 ,140,30.38
2737,8223,42.78,38.53 ,240,29.43
2737,8233,43.39,38.62 ,240,29.08
2737,8243,44.02,38.72 ,240,29.28
2737,8253,44.56,38.82 ,240,29.74
2737,8263,45.06,41.62 ,260,30.07
2737,8273,45.64,41.17 ,260,30.47
2737,8283,45.94,40.33 ,260,31.21
2737,8293,46.03,38.80 ,240,32.08
2737,8303,45.8,37.41 ,220,32.82
2737,8313,45.61,36.35 ,220,33.31
2737,8323,45.55,35.73 ,220,33.72
2737,8333,45.59,35.35 ,240,34.18
2737,8343,45.5,35.60 ,240,34.62
2737,8353,45.35,36.19 ,240,34.92
2737,8363,45.2,36.52 ,220,35.02
2737,8373,45.06,37.13 ,220,35
2737,8383,44.91,38.10 ,240,34.97
2737,8393,44.77,37.92 ,260,34.95
2737,8403,44.59,38.63 ,240,34.48
2737,8413,44.62,38.38 ,220,33.53
2737,8423,45.01,39.28 ,200,33.39
2737,8433,45.41,39.85 ,200,34.4
2737,8443,45.77,40.38 ,200,36.01
2737,8453,46.08,40.94 ,200,37.26
2737,8463,46.27,41.50 ,200,37.01
2737,8473,46.69,41.98 ,200,35.89
2737,8483,47.3,42.22 ,200,35.03
2737,8493,47.95,41.84 ,200,34.62
2737,8503,48.52,41.88 ,180,34.51
2737,8513,48.97,40.55 ,180,34.53
2737,8523,49.31,39.65 ,180,34.56
2737,8533,49.58,39.52 ,180,34.76
2737,8543,49.73,39.97 ,180,35.29
2740,7849,56.46,35.30 ,180,32.36
2740,7859,56.25,35.28 ,180,32.36
2740,7869,56.22,35.35 ,180,32.36
2740,7879,55.76,35.66 ,200,32.36
2740,7889,55.26,35.86 ,220,32.36
2740,7899,55.19,36.33 ,240,32.36
2740,7909,55.03,36.46 ,240,32.33
2740,7919,54.79,36.48 ,240,32.81
2740,7929,54.46,36.38 ,240,33.32
2740,7939,54.11,36.57 ,220,33.73
2740,7949,53.71,36.40 ,200,34.2
2740,7959,53.24,36.40 ,200,34.66
2740,7969,52.78,36.14 ,160,34.87
2740,7979,52.43,36.27 ,160,34.68
2740,7989,52.24,35.13 ,180,33.76
2740,7999,52.3,34.89 ,200,32.15
2740,8009,52.44,34.14 ,180,30.7
2740,8019,52.73,33.93 ,180,29.95
2740,8029,53.08,34.81 ,200,30.18
2740,8039,53.35,34.78 ,200,31.22
2740,8049,53.53,34.49 ,180,32.19
2740,8059,53.68,34.62 ,180,32.76
2740,8069,53.73,34.65 ,200,32.94
2740,8079,53.66,34.96 ,180,32.91
2740,8089,53.56,35.12 ,180,32.91
2740,8099,53.49,35.27 ,180,32.94
2740,8109,53.52,35.40 ,180,32.75
2740,8119,53.67,36.34 ,160,32.2
2740,8129,53.92,36.50 ,160,31.69
2740,8139,54.26,36.51 ,160,31.68
2740,8149,54.61,36.45 ,160,32.16
2740,8159,54.89,36.41 ,160,32.8
2740,8169,55.12,36.45 ,160,33.31
2740,8179,55.33,36.71 ,160,33.73
2740,8189,55.49,37.27 ,160,34.19
2740,8199,55.59,37.24 ,180,34.63
2740,8209,55.63,38.18 ,180,34.93
2740,8219,55.63,38.22 ,160,34.73
2740,8229,55.73,38.10 ,140,34.03
2740,8239,56.01,38.39 ,240,33.52
2740,8249,56.51,39.23 ,220,33.51
2740,8259,56.68,38.53 ,240,34
2740,8269,56.62,38.62 ,240,34.69
2740,8279,56.23,38.72 ,240,34.99
2740,8289,56.15,38.82 ,240,34.99
2740,8299,56.17,41.62 ,260,34.99
2740,8309,56.49,41.17 ,260,34.99
2740,8319,56.74,40.33 ,260,34.99
2740,8329,56.99,38.80 ,240,34.99
2740,8339,57.23,37.41 ,220,34.99
2740,8349,57.44,36.35 ,220,34.99
2740,8359,57.64,35.73 ,220,34.99
2740,8369,57.84,35.35 ,240,34.99
2740,8379,58.03,35.60 ,240,34.99
2740,8389,58.23,36.19 ,240,34.99
2740,8399,58.44,36.52 ,220,34.99
2740,8409,58.57,37.13 ,220,34.13
2740,8419,58.98,38.10 ,240,32.14
2740,8429,59.42,37.92 ,260,30.71
2740,8439,60.1,38.63 ,240,30.71
2740,8449,60.51,38.38 ,220,32.1
2740,8459,60.87,39.28 ,200,34.02
2740,8469,60.96,39.85 ,200,34.71
2740,8479,61.11,40.38 ,200,34.44
2740,8489,61.16,40.94 ,200,34.13
2740,8499,61.13,41.50 ,200,33.87
2740,8509,60.99,41.98 ,200,33.72
2740,8519,60.8,42.22 ,200,33.67
2740,8529,60.58,41.84 ,200,33.67
2740,8539,60.33,41.88 ,180,33.68
2741,7895,82.13,35.71 ,140,40
2741,7905,82.13,35.71 ,140,40
2741,7915,82.11,35.74 ,140,40
2741,7925,82.11,35.81 ,140,40
2741,7935,82.2,35.89 ,140,40
2741,7945,82.43,36.41 ,160,40
2741,7955,82.78,36.92 ,140,40
2741,7965,83.27,37.09 ,140,40
2741,7975,83.86,37.34 ,140,40
2741,7985,84.49,37.58 ,140,40
2741,7995,85.09,37.67 ,140,40
2741,8005,85.63,35.43 ,140,40
2741,8015,86.15,35.61 ,120,39.84
2741,8025,86.69,35.55 ,120,39.47
2741,8035,87.3,35.51 ,120,39.2
2741,8045,87.88,35.49 ,120,39.2
2741,8055,88.37,35.47 ,120,39.46
2741,8065,88.81,35.99 ,160,39.84
2741,8075,89.26,35.98 ,160,40
2741,8085,89.76,36.02 ,160,40
2741,8095,90.27,36.14 ,160,40
2741,8105,90.77,36.28 ,160,40
2741,8115,91.27,36.74 ,180,40
2741,8125,91.76,36.53 ,180,40
2741,8135,92.3,36.32 ,180,40
2741,8145,92.77,36.50 ,200,40
2741,8155,93.08,36.30 ,200,40
2741,8165,93.32,36.09 ,200,40
2741,8175,93.63,35.95 ,200,40
2741,8185,94.1,35.94 ,200,40
2741,8195,94.61,36.07 ,200,40
2741,8205,95.05,36.27 ,200,39.86
2741,8215,95.51,37.36 ,180,39.54
2741,8225,96.08,37.38 ,200,39.31
2741,8235,96.79,37.12 ,180,39.3
2741,8245,97.59,37.45 ,180,39.53
2741,8255,98.38,37.70 ,180,39.85
2741,8265,99.11,37.87 ,180,39.99
2741,8275,99.8,37.89 ,200,39.99
2741,8285,100.46,38.13 ,200,39.99
2741,8295,101.12,38.41 ,200,39.97
2741,8305,101.77,39.24 ,180,39.95
2741,8315,102.38,40.00 ,160,40.05
2741,8325,102.91,40.12 ,160,40.37
2741,8335,103.37,40.19 ,160,40.84
2741,8345,103.73,40.20 ,160,41.2
2741,8355,104.02,40.12 ,160,41.29
2741,8365,104.24,40.62 ,180,40.83
2741,8375,104.53,40.11 ,140,39.98
2741,8385,104.96,39.72 ,140,39.62
2741,8395,105.34,39.08 ,140,39.93
2741,8405,105.44,38.53 ,140,40.72
2741,8415,105.28,38.28 ,140,41.75
2741,8425,104.88,37.42 ,160,42.43
2741,8435,104.5,37.48 ,180,43.03
2741,8445,104.13,37.55 ,200,43.85
2741,8455,103.72,37.60 ,200,44.62
2741,8465,103.21,37.75 ,200,45.25
2741,8475,102.66,38.13 ,220,45.72
2741,8485,102.05,38.15 ,220,45.93
2741,8495,101.38,37.94 ,220,45.86
2741,8505,100.68,38.29 ,200,45.59
2741,8515,100,38.19 ,200,45.34
2741,8525,99.32,38.22 ,200,45.32
2741,8535,98.56,38.33 ,200,45.5
2741,8545,97.65,38.39 ,200,45.64
2741,8555,96.62,38.35 ,200,45.56
2741,8565,95.57,38.30 ,200,45.32
2741,8575,94.54,39.64 ,220,45.1
2741,8585,93.54,39.56 ,220,45
2745,8035,106.19,30.63 ,240,40.17
2745,8045,106.17,30.81 ,240,40.17
2745,8055,106.15,31.11 ,240,40.17
2745,8065,0,31.44 ,240,40.17
2745,8075,0,31.37 ,220,40.17
2745,8085,0,31.22 ,240,40.17
2745,8095,0,30.65 ,260,40.16
2745,8105,0,30.50 ,280,39.96
2745,8115,0,30.57 ,280,39.47
2745,8125,0,30.76 ,280,38.73
2745,8135,0,30.98 ,280,37.99
2745,8145,0,31.23 ,280,37.62
2745,8155,0,31.48 ,280,37.72
2745,8165,0,30.84 ,260,38.07
2745,8175,0,31.31 ,240,38.33
2745,8185,0,31.26 ,240,38.28
2745,8195,0,30.72 ,220,38
2745,8205,0,30.09 ,240,37.77
2745,8215,0,30.04 ,240,37.77
2745,8225,0,30.05 ,220,37.98
2745,8235,0,30.13 ,220,38.25
2745,8245,0,29.77 ,240,38.43
2745,8255,0,29.96 ,240,38.48
2745,8265,0,30.11 ,240,38.47
2745,8275,0,30.18 ,240,38.46
2745,8285,0,30.19 ,240,38.46
2745,8295,0,30.21 ,240,38.47
2745,8305,0,30.33 ,240,38.47
2745,8315,0,30.51 ,240,38.38
2745,8325,0,30.13 ,260,38.09
2745,8335,0,30.77 ,280,37.56
2745,8345,0,30.18 ,260,36.85
2745,8355,0,30.21 ,260,35.92
2745,8365,0,30.14 ,260,34.78
2745,8375,0,30.03 ,260,33.86
2745,8385,0,29.58 ,280,33.52
2745,8395,0,29.70 ,280,33.82
2745,8405,0,29.99 ,280,34.47
2745,8415,0,30.35 ,280,34.82
2745,8425,0,30.67 ,280,34.6
2745,8435,0,30.89 ,280,34.11
2745,8445,0,30.24 ,280,33.73
2745,8455,0,33.84 ,240,33.75
2745,8465,0,33.84 ,240,34.15
2745,8475,0,33.78 ,240,34.63
2745,8485,0,34.32 ,220,34.96
2745,8495,0,34.24 ,200,35.06
2745,8505,0,34.02 ,200,34.95
2745,8515,0,33.71 ,240,34.64
2745,8525,0,33.42 ,220,34.13
2745,8535,0,33.42 ,220,33.46
2745,8545,0,33.37 ,220,32.85
2745,8555,0,33.31 ,220,32.45
2745,8565,0,33.82 ,240,32.27
2745,8575,0,34.03 ,260,32.23
2745,8585,0,33.93 ,260,32.24
2745,8595,0,33.89 ,240,32.26
2745,8605,0,33.90 ,240,32.24
2745,8615,44.2,33.91 ,240,32.02
2745,8625,44.49,33.86 ,240,31.53
2745,8635,44.86,33.74 ,240,30.81
2745,8645,45.35,33.95 ,240,30.09
2745,8655,45.91,33.98 ,220,29.67
2745,8665,46.42,33.51 ,200,29.62
2745,8675,46.78,33.51 ,200,29.77
2745,8685,46.99,33.59 ,200,29.95
2745,8695,47.05,33.67 ,200,30.03
2745,8705,47.05,33.66 ,200,30.01
2745,8715,47.04,33.57 ,200,30
2745,8725,47.07,33.48 ,200,30
2748,7863,46.96,35.13 ,180,26.28
2748,7873,47.73,34.89 ,200,26.28
2748,7883,48.39,34.14 ,180,26.28
2748,7893,48.85,33.93 ,180,26.28
2748,7903,48.75,34.81 ,200,26.28
2748,7913,49.31,34.78 ,200,26.28
2748,7923,49.93,34.49 ,180,26.1
2748,7933,50.63,34.62 ,180,26.27
2748,7943,51.3,34.65 ,200,26.55
2748,7953,51.93,34.96 ,180,26.74
2748,7963,52.53,35.12 ,180,27.05
2748,7973,53.12,35.27 ,180,27.6
2748,7983,53.66,35.40 ,180,28.27
2748,7993,54.05,36.34 ,160,28.73
2748,8003,54.28,36.50 ,160,28.72
2748,8013,54.51,36.51 ,160,28.33
2748,8023,54.87,36.45 ,160,27.95
2748,8033,55.39,36.41 ,160,27.93
2748,8043,55.9,36.45 ,160,28.03
2748,8053,56.42,36.71 ,160,27.87
2748,8063,57.04,37.27 ,160,27.72
2748,8073,57.75,37.24 ,180,27.71
2748,8083,58.5,38.18 ,180,27.93
2748,8093,59.22,38.22 ,160,28.41
2748,8103,59.82,38.10 ,140,28.76
2748,8113,60.28,39.52 ,120,29.14
2748,8123,60.62,39.24 ,140,29.61
2748,8133,60.95,41.06 ,120,29.93
2748,8143,61.4,41.20 ,120,30.03
2748,8153,61.92,41.20 ,120,30.01
2748,8163,62.43,41.09 ,120,30
2748,8173,62.93,34.00 ,100,30
2748,8183,63.42,35.71 ,140,30
2748,8193,63.92,35.71 ,140,30
2748,8203,64.42,35.74 ,140,30
2748,8213,64.92,35.81 ,140,29.98
2748,8223,65.42,35.89 ,140,29.96
2748,8233,65.94,36.41 ,160,30.07
2748,8243,66.45,36.92 ,140,30.5
2748,8253,66.9,37.09 ,140,31.34
2748,8263,67.2,37.34 ,140,32.5
2748,8273,67.4,37.58 ,140,33.66
2748,8283,67.48,37.67 ,140,34.26
2748,8293,67.26,35.43 ,140,34.05
2748,8303,67.05,37.92 ,260,33.61
2748,8313,66.67,38.63 ,240,33.53
2748,8323,66.52,38.38 ,220,34.04
2748,8333,66.32,39.28 ,200,34.91
2748,8343,66.32,39.85 ,200,35.54
2748,8353,66.2,40.38 ,200,35.82
2748,8363,66.03,40.94 ,200,35.98
2748,8373,65.81,41.50 ,200,36.06
2748,8383,65.57,41.98 ,200,36.09
2748,8393,65.32,42.22 ,200,36.08
2748,8403,65.06,41.84 ,200,35.92
2748,8413,64.83,41.88 ,180,35.54
2748,8423,64.67,40.55 ,180,34.98
2748,8433,64.58,39.65 ,180,34.47
2748,8443,64.56,39.52 ,180,34.28
2748,8453,64.53,39.97 ,180,34.43
2748,8463,64.44,40.20 ,160,34.71
2748,8473,64.28,41.17 ,140,34.58
2748,8483,64.29,41.32 ,120,33.34
2748,8493,64.64,40.60 ,120,31.55
2748,8503,65.24,38.19 ,140,30.46
2748,8513,66.05,37.38 ,200,30.47
2748,8523,66.64,37.12 ,180,31.3
2748,8533,66.96,37.45 ,180,32.01
2748,8543,67.22,37.70 ,180,31.99
2748,8553,67.55,37.87 ,180,31.8
2749,7912,72.34,35.99 ,160,45.37
2749,7922,71.84,35.98 ,160,45.37
2749,7932,71.34,36.02 ,160,45.37
2749,7942,70.84,36.14 ,160,45.37
2749,7952,70.34,36.28 ,160,45.37
2749,7962,69.86,36.74 ,180,45.37
2749,7972,69.31,36.53 ,180,45.83
2749,7982,68.69,36.32 ,180,46.29
2749,7992,68.03,36.50 ,200,46.58
2749,8002,67.36,36.30 ,200,46.75
2749,8012,66.68,36.09 ,200,46.94
2749,8022,65.97,35.95 ,200,47.11
2749,8032,65.25,35.94 ,200,47.28
2749,8042,64.52,36.07 ,200,47.49
2749,8052,63.76,36.27 ,200,47.68
2749,8062,62.96,37.36 ,180,47.68
2749,8072,62.12,37.97 ,120,47.21
2749,8082,61.4,37.94 ,120,46.07
2749,8092,60.84,37.77 ,120,44.51
2749,8102,60.46,37.63 ,120,42.97
2749,8112,60.23,37.61 ,120,41.82
2749,8122,60.11,38.05 ,100,41.18
2749,8132,60.03,38.18 ,100,40.95
2749,8142,60.05,38.18 ,100,40.92
2749,8152,59.59,38.15 ,100,40.97
2749,8162,59.49,38.51 ,120,41.19
2749,8172,59.38,40.31 ,140,41.75
2749,8182,59.24,40.58 ,140,42.71
2749,8192,59.03,41.42 ,160,43.91
2749,8202,58.74,40.93 ,180,45.14
2749,8212,58.34,40.62 ,180,46.37
2749,8222,57.69,40.11 ,140,47.59
2749,8232,56.78,39.72 ,140,48.69
2749,8242,55.72,39.08 ,140,49.53
2749,8252,54.71,38.53 ,140,49.93
2749,8262,53.85,38.28 ,140,50.01
2749,8272,53.09,37.42 ,160,50.01
2749,8282,52.33,37.48 ,180,50.01
2749,8292,51.65,37.55 ,200,49.91
2749,8302,51.09,37.60 ,200,49.6
2749,8312,50.65,37.75 ,200,49.13
2749,8322,50.33,38.13 ,220,48.62
2749,8332,50.1,38.15 ,220,48.01
2749,8342,49.95,37.94 ,220,47.41
2749,8352,49.85,38.29 ,200,47.12
2749,8362,49.71,38.19 ,200,47.2
2749,8372,49.48,38.22 ,200,47.5
2749,8382,49.19,38.33 ,200,47.54
2749,8392,48.99,38.39 ,200,46.98
2749,8402,48.92,38.35 ,200,46.15
2749,8412,48.93,38.30 ,200,45.59
2749,8422,48.94,39.64 ,220,45.54
2749,8432,48.89,39.56 ,220,45.92
2749,8442,48.75,39.28 ,220,46.34
2749,8452,48.57,38.28 ,200,46.46
2749,8462,48.41,37.96 ,200,46.27
2749,8472,48.31,37.12 ,200,45.99
2749,8482,48.26,37.11 ,200,45.83
2749,8492,48.13,37.90 ,240,45.79
2749,8502,47.89,37.85 ,240,45.68
2749,8512,47.65,37.80 ,240,45.46
2749,8522,47.51,37.72 ,240,45.21
2749,8532,47.5,37.63 ,260,44.92
2749,8542,47.52,36.62 ,260,44.46
2749,8552,47.53,36.44 ,240,43.64
2749,8562,47.61,30.58 ,280,42.52
2749,8572,47.71,31.03 ,260,41.38
2749,8582,47.84,32.06 ,220,40.43
2749,8592,47.94,32.16 ,220,39.33
2749,8602,48.14,32.01 ,220,37.81
2750,7889,130.93,39.24 ,140,35
2750,7899,130.39,41.06 ,120,35
2750,7909,129.74,41.20 ,120,35
2750,7919,129.11,41.20 ,120,35
2750,7929,128.58,41.09 ,120,35
2750,7939,128.09,34.00 ,100,35
2750,7949,127.58,35.71 ,140,35
2750,7959,127.13,35.71 ,140,35
2750,7969,126.8,35.74 ,140,35
2750,7979,126.57,35.81 ,140,35
2750,7989,126.4,35.89 ,140,35
2750,7999,126.25,36.41 ,160,35
2750,8009,126.13,36.92 ,140,35
2750,8019,126.08,37.09 ,140,35
2750,8029,126.08,37.34 ,140,35
2750,8039,126.07,37.58 ,140,34.73
2750,8049,126.1,37.67 ,140,34.12
2750,8059,126.24,35.43 ,140,33.68
2750,8069,126.43,35.61 ,120,33.68
2750,8079,126.63,35.55 ,120,34.12
2750,8089,126.58,35.51 ,120,34.73
2750,8099,126.27,35.49 ,120,35
2750,8109,126.12,35.47 ,120,35
2750,8119,126.14,35.99 ,160,35
2750,8129,126.33,35.98 ,160,35
2750,8139,126.69,36.02 ,160,35
2750,8149,126.84,36.14 ,160,35.01
2750,8159,126.83,36.28 ,160,35.03
2750,8169,126.76,36.74 ,180,34.94
2750,8179,126.69,36.53 ,180,34.61
2750,8189,126.68,36.32 ,180,33.96
2750,8199,126.77,36.50 ,200,33.1
2750,8209,126.97,36.30 ,200,32.29
2750,8219,127.26,36.09 ,200,31.76
2750,8229,127.66,35.95 ,200,31.52
2750,8239,128.2,35.94 ,200,31.49
2750,8249,128.85,36.07 ,200,31.5
2750,8259,129.6,36.27 ,200,31.28
2750,8269,130.52,37.36 ,180,30.93
2750,8279,131.56,37.38 ,200,31.12
2750,8289,132.45,37.12 ,180,32.19
2750,8299,133,37.45 ,180,34.12
2750,8309,133.23,37.70 ,180,36.42
2750,8319,133.14,37.87 ,180,38.24
2750,8329,132.85,37.89 ,200,39.34
2750,8339,132.49,38.13 ,200,39.89
2750,8349,132.1,38.41 ,200,40.02
2750,8359,131.65,39.24 ,180,40
2750,8369,131.15,40.00 ,160,40
2750,8379,130.64,40.12 ,160,40.02
2750,8389,130.12,40.19 ,160,39.91
2750,8399,129.61,40.20 ,160,39.48
2750,8409,129.2,40.12 ,160,38.63
2750,8419,128.86,40.62 ,180,37.48
2750,8429,128.48,40.11 ,140,36.47
2750,8439,128.09,39.72 ,140,35.33
2750,8449,127.94,39.08 ,140,33.91
2750,8459,128.08,38.53 ,140,33.09
2750,8469,128.43,38.28 ,140,33.08
2750,8479,128.64,37.42 ,160,33.8
2750,8489,128.68,37.48 ,180,34.81
2750,8499,128.53,37.55 ,200,35.02
2750,8509,128.36,37.60 ,200,34.58
2750,8519,128.14,37.75 ,200,34
2750,8529,128,38.13 ,220,33.33
2750,8539,127.99,38.15 ,220,32.85
2750,8549,128.03,37.94 ,220,32.73
2750,8559,128.01,38.29 ,200,32.99
2750,8569,127.88,38.19 ,200,33.49
2750,8579,127.64,38.22 ,200,33.94
2752,7912,78.09,35.99 ,160,30.33
2752,7922,78.09,35.98 ,160,30.33
2752,7932,78.09,36.02 ,160,30.33
2752,7942,78.09,36.14 ,160,30.33
2752,7952,78.09,36.28 ,160,30.33
2752,7962,78.67,36.74 ,180,30.33
2752,7972,79.23,36.53 ,180,28.38
2752,7982,79.91,36.32 ,180,27.01
2752,7992,80.66,36.50 ,200,26.25
2752,8002,81.34,36.30 ,200,25.97
2752,8012,81.92,36.09 ,200,25.94
2752,8022,82.47,35.95 ,200,26
2752,8032,83.04,35.94 ,200,26.4
2752,8042,83.53,36.07 ,200,27.52
2752,8052,83.83,36.27 ,200,29.48
2752,8062,83.85,37.36 ,180,32.11
2752,8072,83.53,37.97 ,120,34.84
2752,8082,83.09,37.94 ,120,36.9
2752,8092,82.65,37.77 ,120,38.04
2752,8102,82.3,37.63 ,120,38.6
2752,8112,82.16,37.61 ,120,38.96
2752,8122,82.15,38.05 ,100,39.41
2752,8132,82.17,38.18 ,100,39.84
2752,8142,82.17,38.18 ,100,40
2752,8152,82.18,38.15 ,100,40
2752,8162,82.17,38.51 ,120,40
2752,8172,82.17,40.31 ,140,40
2752,8182,82.19,40.58 ,140,40
2752,8192,82.2,41.42 ,160,40
2752,8202,82.15,40.93 ,180,40
2752,8212,81.95,39.35 ,180,40
2752,8222,81.63,39.30 ,180,40
2752,8232,81.25,39.26 ,180,40
2752,8242,80.69,39.30 ,180,40
2752,8252,80.01,39.30 ,180,40
2752,8262,79.18,39.14 ,180,39.79
2752,8272,78.51,39.92 ,160,39.31
2752,8282,78.09,40.09 ,140,38.97
2752,8292,77.83,37.55 ,200,38.97
2752,8302,77.44,37.60 ,200,39.3
2752,8312,76.91,37.75 ,200,39.78
2752,8322,76.26,38.13 ,220,39.99
2752,8332,75.54,38.15 ,220,39.99
2752,8342,74.77,37.94 ,220,39.99
2752,8352,74.03,38.29 ,200,39.99
2752,8362,73.35,38.19 ,200,39.99
2752,8372,72.74,38.22 ,200,39.99
2752,8382,72.17,38.33 ,200,39.99
2752,8392,71.62,38.39 ,200,39.99
2752,8402,71.01,38.35 ,200,39.99
2752,8412,70.34,38.30 ,200,39.99
2752,8422,69.64,39.64 ,220,39.99
2752,8432,68.92,39.56 ,220,39.38
2752,8442,68.46,39.28 ,220,37.97
2752,8452,68.13,38.28 ,200,36.95
2752,8462,67.93,37.96 ,200,36.93
2752,8472,67.47,37.12 ,200,37.92
2752,8482,66.82,37.11 ,200,39.33
2752,8492,65.87,37.90 ,240,39.92
2752,8502,64.89,37.85 ,240,39.67
2752,8512,63.91,37.80 ,240,38.98
2752,8522,63.05,37.72 ,240,37.8
2752,8532,62.34,37.63 ,260,36.26
2752,8542,61.79,36.62 ,260,34.76
2752,8552,61.39,36.44 ,240,33.65
2752,8562,61.1,36.31 ,180,33.06
2752,8572,60.83,37.04 ,180,32.89
2752,8582,60.54,38.16 ,180,32.85
2752,8592,60.26,39.17 ,180,32.67
2752,8602,60.06,39.79 ,180,32.41
2753,7884,56.58,37.24 ,180,30
2753,7894,56.33,38.18 ,180,30
2753,7904,56.16,38.22 ,160,30
2753,7914,56.03,38.10 ,140,30
2753,7924,55.9,39.52 ,120,30
2753,7934,55.85,39.24 ,140,30
2753,7944,55.85,41.06 ,120,30
2753,7954,55.87,41.20 ,120,30
2753,7964,55.87,41.20 ,120,30
2753,7974,55.87,41.09 ,120,30
2753,7984,55.87,34.00 ,100,30
2753,7994,55.87,35.71 ,140,30
2753,8004,55.87,35.71 ,140,30
2753,8014,55.87,35.74 ,140,30
2753,8024,55.87,35.81 ,140,30
2753,8034,55.86,35.89 ,140,30
2753,8044,55.81,36.41 ,160,29.62
2753,8054,55.84,36.92 ,140,28.75
2753,8064,56.1,37.09 ,140,28.13
2753,8074,56.57,37.34 ,140,28.13
2753,8084,57.08,37.58 ,140,28.75
2753,8094,57.6,37.67 ,140,29.62
2753,8104,58.06,35.43 ,140,30
2753,8114,58.43,35.61 ,120,30
2753,8124,58.71,35.55 ,120,30
2753,8134,59.03,35.51 ,120,30
2753,8144,59.48,35.49 ,120,30
2753,8154,60.05,35.47 ,120,30
2753,8164,60.63,35.99 ,160,30
2753,8174,61.23,35.98 ,160,30
2753,8184,61.84,36.02 ,160,30
2753,8194,62.45,36.14 ,160,30
2753,8204,63.06,36.28 ,160,30
2753,8214,63.69,36.74 ,180,30
2753,8224,64.28,36.53 ,180,30
2753,8234,64.82,36.32 ,180,30
2753,8244,65.27,36.50 ,200,30
2753,8254,65.67,36.30 ,200,30
2753,8264,66.08,36.09 ,200,30
2753,8274,66.54,35.95 ,200,30
2753,8284,67.07,35.94 ,200,30
2753,8294,67.48,36.07 ,200,29.68
2753,8304,67.74,36.27 ,200,28.95
2753,8314,68,38.19 ,140,28.43
2753,8324,68.14,37.38 ,200,28.42
2753,8334,68.39,37.12 ,180,28.91
2753,8344,68.7,37.45 ,180,29.75
2753,8354,68.92,37.70 ,180,30.49
2753,8364,69.04,37.87 ,180,31.36
2753,8374,69,37.89 ,200,32.66
2753,8384,68.84,38.13 ,200,34.2
2753,8394,68.53,38.41 ,200,35.7
2753,8404,68.08,39.24 ,180,37.04
2753,8414,67.48,40.00 ,160,38.12
2753,8424,66.78,40.12 ,160,38.9
2753,8434,66.01,40.19 ,160,39.37
2753,8444,65.24,40.20 ,160,39.57
2753,8454,64.57,40.12 ,160,39.62
2753,8464,64.01,40.62 ,180,39.58
2753,8474,63.49,40.11 ,140,39.31
2753,8484,63.05,39.72 ,140,37.76
2753,8494,62.91,39.08 ,140,34.64
2753,8504,63.02,38.53 ,140,31.75
2753,8514,63.47,38.28 ,140,30.3
2753,8524,64.08,37.42 ,160,30.6
2753,8534,64.46,37.48 ,180,31.92
2753,8544,64.51,37.55 ,200,32.41
2753,8554,64.6,37.60 ,200,32.06
2753,8564,64.78,37.75 ,200,31.52
2753,8574,65.12,38.13 ,220,30.85
2755,7920,104.71,36.50 ,200,40
2755,7930,104.71,36.30 ,200,40
2755,7940,104.71,36.09 ,200,40
2755,7950,104.71,35.95 ,200,40
2755,7960,104.7,35.94 ,200,40
2755,7970,104.7,36.07 ,200,40
2755,7980,104.72,36.27 ,200,40
2755,7990,104.7,37.36 ,180,40
2755,8000,104.63,37.97 ,120,40
2755,8010,104.52,37.94 ,120,40
2755,8020,104.44,37.77 ,120,39.98
2755,8030,104.43,37.63 ,120,39.97
2755,8040,104.46,37.61 ,120,40.07
2755,8050,104.44,38.05 ,100,40.24
2755,8060,104.41,38.18 ,100,40.37
2755,8070,104.36,38.18 ,100,40.49
2755,8080,44.7,38.15 ,100,40.47
2755,8090,44.75,38.51 ,120,40.43
2755,8100,44.82,40.31 ,140,40.6
2755,8110,44.96,40.58 ,140,41
2755,8120,45.19,41.42 ,160,41.58
2755,8130,45.41,40.93 ,180,42.06
2755,8140,45.73,39.35 ,180,42.06
2755,8150,46.21,39.30 ,180,41.58
2755,8160,46.91,39.26 ,180,41
2755,8170,47.83,39.30 ,180,40.75
2755,8180,48.8,39.30 ,180,40.92
2755,8190,49.69,39.14 ,180,41.18
2755,8200,50.52,39.92 ,160,41.18
2755,8210,51.41,40.09 ,140,40.92
2755,8220,52.37,40.11 ,120,40.77
2755,8230,53.31,39.96 ,140,40.8
2755,8240,54.15,39.85 ,140,40.78
2755,8250,54.94,38.13 ,220,40.58
2755,8260,55.74,38.15 ,220,40.22
2755,8270,56.53,37.94 ,220,39.96
2755,8280,57.23,38.29 ,200,39.93
2755,8290,57.9,38.19 ,200,39.96
2755,8300,58.64,38.22 ,200,39.97
2755,8310,59.46,38.33 ,200,39.99
2755,8320,60.24,38.39 ,200,39.99
2755,8330,60.89,38.35 ,200,39.99
2755,8340,61.44,38.30 ,200,39.99
2755,8350,61.94,39.64 ,220,39.99
2755,8360,62.48,39.56 ,220,39.99
2755,8370,63.12,39.28 ,220,39.99
2755,8380,63.8,38.28 ,200,39.99
2755,8390,64.46,37.96 ,200,39.99
2755,8400,65.03,37.12 ,200,39.6
2755,8410,65.64,37.11 ,200,38.7
2755,8420,66.44,37.90 ,240,38.04
2755,8430,67.32,37.85 ,240,38.02
2755,8440,68.11,37.80 ,240,38.64
2755,8450,68.69,37.72 ,240,39.53
2755,8460,69.16,37.63 ,260,39.91
2755,8470,69.67,36.62 ,260,39.91
2755,8480,70.13,36.44 ,240,39.94
2755,8490,70.45,36.31 ,180,40.01
2755,8500,70.64,37.04 ,180,40.13
2755,8510,70.69,38.16 ,180,40.29
2755,8520,70.66,39.17 ,180,40.38
2755,8530,70.44,39.79 ,180,40.28
2755,8540,70.12,40.06 ,180,40.02
2755,8550,69.7,40.18 ,180,39.79
2755,8560,69.17,40.16 ,200,39.8
2755,8570,68.66,40.05 ,200,40.03
2755,8580,68.13,39.69 ,200,40.12
2755,8590,67.56,39.09 ,220,39.75
2755,8600,67.1,38.37 ,220,38.82
2755,8610,66.8,38.49 ,240,37.56
2758,7895,138.83,35.71 ,140,40
2758,7905,141.11,35.71 ,140,40
2758,7915,142.31,35.74 ,140,40
2758,7925,142.21,35.81 ,140,40
2758,7935,140.82,35.89 ,140,40
2758,7945,138.48,36.41 ,160,40
2758,7955,135.42,36.92 ,140,40
2758,7965,132.68,37.09 ,140,40
2758,7975,130.45,37.34 ,140,40
2758,7985,128.97,37.58 ,140,40
2758,7995,128.24,37.67 ,140,40
2758,8005,128.13,35.43 ,140,40
2758,8015,128.49,35.61 ,120,39.94
2758,8025,129.17,35.55 ,120,39.81
2758,8035,130.09,35.51 ,120,39.72
2758,8045,131.14,35.49 ,120,39.72
2758,8055,132.12,35.47 ,120,39.81
2758,8065,133.07,35.99 ,160,39.94
2758,8075,134.32,35.98 ,160,40
2758,8085,135.92,36.02 ,160,40
2758,8095,137.96,36.14 ,160,40
2758,8105,140.31,36.28 ,160,40
2758,8115,142.95,36.74 ,180,40
2758,8125,145.09,36.53 ,180,40
2758,8135,146.74,36.32 ,180,40
2758,8145,147.92,36.50 ,200,40
2758,8155,148.65,36.30 ,200,40
2758,8165,149.74,36.09 ,200,40
2758,8175,151.06,35.95 ,200,40
2758,8185,152.75,35.94 ,200,40
2758,8195,176.27,36.07 ,200,40
2758,8205,155.81,36.27 ,200,39.94
2758,8215,156.75,37.36 ,180,39.82
2758,8225,157.26,37.38 ,200,39.73
2758,8235,157.4,37.12 ,180,39.73
2758,8245,157.26,37.45 ,180,39.81
2758,8255,156.86,37.70 ,180,39.92
2758,8265,156.44,37.87 ,180,39.98
2758,8275,156.05,37.89 ,200,40.2
2758,8285,155.71,38.13 ,200,40.79
2758,8295,155.46,38.41 ,200,41.82
2758,8305,155.26,39.24 ,180,43.19
2758,8315,155.12,40.00 ,160,44.56
2758,8325,155.02,40.12 ,160,45.64
2758,8335,154.96,40.19 ,160,46.3
2758,8345,154.85,40.20 ,160,46.57
2758,8355,154.71,40.12 ,160,46.53
2758,8365,154.62,40.62 ,180,46.24
2758,8375,154.57,40.11 ,140,45.73
2758,8385,154.34,39.72 ,140,44.86
2758,8395,154.04,39.08 ,140,43.63
2758,8405,153.59,38.53 ,140,42.22
2758,8415,152.96,38.28 ,140,40.93
2758,8425,152.26,37.42 ,160,40.13
2758,8435,151.36,37.48 ,180,39.9
2758,8445,150.34,37.55 ,200,39.99
2758,8455,149.32,37.60 ,200,40.15
2758,8465,148.3,37.75 ,200,40.28
2758,8475,147.27,38.13 ,220,40.4
2758,8485,146.22,38.15 ,220,40.43
2758,8495,145.14,37.94 ,220,40.29
2758,8505,144.09,38.29 ,200,40.01
2758,8515,143.14,38.19 ,200,39.74
2758,8525,142.4,38.22 ,200,39.59
2758,8535,141.82,38.33 ,200,39.41
2758,8545,141.45,38.39 ,200,38.95
2758,8555,143.8,38.35 ,200,38.17
2758,8565,142.93,38.30 ,200,37.47
2758,8575,142.2,39.64 ,220,37.17
2758,8585,141.46,39.56 ,220,37.13
2759,7906,62.85,35.43 ,140,30.27
2759,7916,62.35,35.61 ,120,30.27
2759,7926,62.35,35.55 ,120,30.27
2759,7936,61.85,35.51 ,120,30.27
2759,7946,61.85,35.49 ,120,30.27
2759,7956,61.81,35.47 ,120,30.27
2759,7966,61.84,35.99 ,160,29.97
2759,7976,61.85,35.98 ,160,29.96
2759,7986,61.85,36.02 ,160,29.98
2759,7996,61.85,36.14 ,160,30
2759,8006,61.85,36.28 ,160,30
2759,8016,61.85,36.74 ,180,30
2759,8026,61.85,36.53 ,180,30
2759,8036,61.85,36.32 ,180,30
2759,8046,61.85,36.50 ,200,30
2759,8056,61.81,36.30 ,200,29.64
2759,8066,61.85,36.09 ,200,28.81
2759,8076,62.05,35.95 ,200,28.22
2759,8086,62.32,35.94 ,200,28.22
2759,8096,62.55,36.07 ,200,28.81
2759,8106,62.56,36.27 ,200,29.64
2759,8116,62.34,37.36 ,180,30
2759,8126,62.11,37.97 ,120,30
2759,8136,61.93,37.94 ,120,30
2759,8146,61.88,37.77 ,120,30
2759,8156,61.9,37.63 ,120,30.01
2759,8166,61.94,37.61 ,120,30.01
2759,8176,62.15,38.05 ,100,29.95
2759,8186,62.49,38.18 ,100,29.78
2759,8196,63.01,38.18 ,100,29.47
2759,8206,63.71,38.15 ,100,29.09
2759,8216,64.6,38.51 ,120,28.77
2759,8226,65.63,40.31 ,140,28.58
2759,8236,66.73,40.58 ,140,28.51
2759,8246,67.85,41.42 ,160,28.51
2759,8256,68.96,40.93 ,180,28.51
2759,8266,70.07,39.35 ,180,28.48
2759,8276,71.21,39.30 ,180,28.51
2759,8286,72.28,39.26 ,180,28.76
2759,8296,72.98,39.30 ,180,29.35
2759,8306,73.33,39.30 ,180,30
2759,8316,73.36,39.14 ,180,30.45
2759,8326,73.25,37.42 ,160,31.03
2759,8336,73.25,37.48 ,180,31.96
2759,8346,73.32,37.55 ,200,33.18
2759,8356,73.18,37.60 ,200,34.38
2759,8366,72.85,37.75 ,200,34.97
2759,8376,72.44,38.13 ,220,34.94
2759,8386,71.96,38.15 ,220,34.5
2759,8396,71.5,37.94 ,220,33.65
2759,8406,71.17,38.29 ,200,32.49
2759,8416,70.97,38.19 ,200,31.33
2759,8426,70.9,38.22 ,200,30.49
2759,8436,70.91,38.33 ,200,30.07
2759,8446,70.97,38.39 ,200,29.96
2759,8456,71.12,38.35 ,200,29.97
2759,8466,71.36,38.30 ,200,29.99
2759,8476,71.64,39.64 ,220,29.99
2759,8486,71.92,39.56 ,220,29.98
2759,8496,72.18,39.28 ,220,29.97
2759,8506,72.48,38.28 ,200,30.03
2759,8516,72.78,37.96 ,200,29.81
2759,8526,73.18,37.12 ,200,28.87
2759,8536,73.73,37.11 ,200,27.96
2759,8546,74.38,37.90 ,240,28.09
2759,8556,74.65,37.85 ,240,29.43
2759,8566,74.67,37.80 ,240,31.45
2759,8576,74.41,37.72 ,240,32.89
2759,8586,74.02,37.63 ,260,33.27
2759,8596,73.75,36.62 ,260,33.28
2761,7940,78.88,41.42 ,160,45
2761,7950,79.1,40.93 ,180,45
2761,7960,79.36,39.35 ,180,45
2761,7970,79.08,39.30 ,180,45
2761,7980,78.69,39.26 ,180,45
2761,7990,78.23,39.30 ,180,45
2761,8000,77.78,39.30 ,180,45
2761,8010,77.4,39.14 ,180,45
2761,8020,77.06,39.92 ,160,44.98
2761,8030,76.68,40.09 ,140,44.97
2761,8040,76.24,40.11 ,120,45.07
2761,8050,75.79,39.96 ,140,45.23
2761,8060,75.36,39.85 ,140,45.33
2761,8070,74.91,39.67 ,120,45.44
2761,8080,74.4,39.50 ,140,45.44
2761,8090,73.84,39.43 ,140,45.34
2761,8100,73.28,39.43 ,140,45.25
2761,8110,72.75,39.57 ,140,45
2761,8120,72.26,39.85 ,140,44.58
2761,8130,71.81,40.25 ,140,44.12
2761,8140,71.45,40.74 ,160,43.76
2761,8150,71.12,41.01 ,160,43.76
2761,8160,70.75,41.18 ,160,44.14
2761,8170,70.3,39.55 ,140,44.61
2761,8180,69.79,39.56 ,140,44.93
2761,8190,69.28,39.63 ,160,45.03
2761,8200,68.77,39.55 ,160,45.01
2761,8210,68.27,39.15 ,180,45
2761,8220,67.8,39.96 ,200,44.86
2761,8230,67.27,40.15 ,200,44.54
2761,8240,66.63,37.90 ,240,44.31
2761,8250,65.94,37.85 ,240,44.31
2761,8260,65.3,37.80 ,240,44.53
2761,8270,64.76,37.72 ,240,44.84
2761,8280,64.29,37.63 ,260,44.99
2761,8290,63.78,36.62 ,260,45.05
2761,8300,63.26,36.44 ,240,45.17
2761,8310,62.73,36.31 ,180,45.34
2761,8320,62.19,37.04 ,180,45.54
2761,8330,61.65,38.16 ,180,45.74
2761,8340,61.11,39.17 ,180,45.89
2761,8350,60.56,39.79 ,180,45.97
2761,8360,59.99,40.06 ,180,45.98
2761,8370,59.33,40.18 ,180,45.63
2761,8380,58.71,40.16 ,200,44.77
2761,8390,58.27,40.05 ,200,43.87
2761,8400,57.99,39.69 ,200,43.07
2761,8410,57.78,39.09 ,220,42.33
2761,8420,57.51,38.37 ,220,41.6
2761,8430,57.21,38.49 ,240,40.66
2761,8440,56.94,37.64 ,240,39.97
2761,8450,56.55,37.04 ,240,39.84
2761,8460,56.06,36.81 ,240,40.08
2761,8470,55.52,36.90 ,240,40.46
2761,8480,54.95,37.64 ,200,40.85
2761,8490,54.34,37.06 ,160,41.15
2761,8500,53.71,37.02 ,160,41.23
2761,8510,53.09,36.96 ,180,41.08
2761,8520,52.45,36.83 ,180,40.91
2761,8530,51.71,36.89 ,180,40.88
2761,8540,50.79,38.12 ,160,40.89
2761,8550,49.7,38.72 ,160,40.62
2761,8560,48.53,39.71 ,180,39.89
2761,8570,47.53,40.18 ,180,38.82
2761,8580,46.79,39.66 ,200,37.7
2761,8590,46.22,38.66 ,220,36.71
2761,8600,45.73,38.02 ,220,35.91
2761,8610,45.28,37.44 ,220,35.36
2761,8620,44.81,37.01 ,220,35.06
2761,8630,44.34,31.34 ,260,34.97
2762,7938,170.45,40.31 ,140,50
2762,7948,170.09,40.58 ,140,50
2762,7958,169.76,41.42 ,160,50
2762,7968,169.44,40.93 ,180,50
2762,7978,169.1,39.35 ,180,50
2762,7988,168.72,39.30 ,180,50
2762,7998,168.29,39.26 ,180,50
2762,8008,167.72,39.30 ,180,50
2762,8018,167,39.30 ,180,49.96
2762,8028,166.17,39.14 ,180,49.88
2762,8038,165.18,39.92 ,160,49.82
2762,8048,164.17,40.09 ,140,49.81
2762,8058,163.17,40.11 ,120,49.87
2762,8068,162.19,39.96 ,140,49.96
2762,8078,161.21,39.85 ,140,50
2762,8088,160.24,39.67 ,120,49.98
2762,8098,159.29,39.50 ,140,49.97
2762,8108,158.37,39.43 ,140,50.07
2762,8118,157.4,39.43 ,140,50.37
2762,8128,156.32,39.57 ,140,50.81
2762,8138,155.16,39.85 ,140,51.26
2762,8148,153.97,40.25 ,140,51.68
2762,8158,152.76,40.74 ,160,52.19
2762,8168,151.4,41.01 ,160,52.8
2762,8178,149.81,41.18 ,160,53.19
2762,8188,148.11,39.64 ,220,53.13
2762,8198,146.5,39.56 ,220,52.63
2762,8208,145.03,39.28 ,220,52.02
2762,8218,143.6,38.28 ,200,51.7
2762,8228,142.08,37.96 ,200,51.62
2762,8238,140.45,37.12 ,200,51.62
2762,8248,138.76,37.11 ,200,51.65
2762,8258,137.09,37.90 ,240,51.67
2762,8268,135.57,37.85 ,240,51.67
2762,8278,134.04,37.80 ,240,51.58
2762,8288,132.16,37.72 ,240,51.28
2762,8298,129.99,37.63 ,260,50.69
2762,8308,127.56,36.62 ,260,50.05
2762,8318,124.88,36.44 ,240,49.83
2762,8328,122.08,36.31 ,180,50.21
2762,8338,119.54,37.04 ,180,51.04
2762,8348,117.18,38.16 ,180,52.05
2762,8358,115.04,39.17 ,180,52.97
2762,8368,113.11,39.79 ,180,53.78
2762,8378,111.2,40.06 ,180,54.35
2762,8388,109.19,40.18 ,180,54.38
2762,8398,107.23,40.16 ,200,53.82
2762,8408,105.38,40.05 ,200,52.85
2762,8418,103.67,39.69 ,200,51.81
2762,8428,102.06,39.09 ,220,50.97
2762,8438,100.47,38.37 ,220,50.46
2762,8448,98.84,38.49 ,240,50.22
2762,8458,97.15,37.64 ,240,50.02
2762,8468,95.45,37.04 ,240,49.57
2762,8478,93.82,36.81 ,240,48.77
2762,8488,92.32,36.90 ,240,47.74
2762,8498,90.95,37.64 ,200,46.74
2762,8508,89.68,32.30 ,240,45.93
2762,8518,88.48,32.41 ,220,45.4
2762,8528,87.31,32.22 ,220,44.98
2762,8538,86.07,31.84 ,220,44.37
2762,8548,84.81,31.32 ,220,43.35
2762,8558,83.64,30.84 ,240,42.08
2762,8568,82.65,30.83 ,240,40.93
2762,8578,82.02,31.21 ,240,40.23
2762,8588,81.61,31.75 ,240,40
2762,8598,81.44,32.13 ,240,39.96
2762,8608,81.53,32.19 ,240,39.98
2762,8618,81.85,31.98 ,240,39.99
2762,8628,82.44,31.66 ,240,40.01
2764,7937,79.51,38.51 ,120,40
2764,7947,80.01,40.31 ,140,40
2764,7957,80.51,40.58 ,140,40
2764,7967,80.51,41.42 ,160,40
2764,7977,80.51,40.93 ,180,40
2764,7987,80.51,39.35 ,180,40
2764,7997,80.51,39.30 ,180,40
2764,8007,80.51,39.26 ,180,40
2764,8017,80.51,39.30 ,180,40
2764,8027,80.51,39.30 ,180,40
2764,8037,80.53,39.14 ,180,40
2764,8047,80.51,39.92 ,160,40
2764,8057,80.37,40.09 ,140,39.74
2764,8067,80.24,40.11 ,120,39.15
2764,8077,80.27,39.96 ,140,38.73
2764,8087,80.43,39.85 ,140,38.73
2764,8097,80.6,39.67 ,120,39.15
2764,8107,80.62,39.50 ,140,39.74
2764,8117,80.59,39.43 ,140,40
2764,8127,80.59,39.43 ,140,40
2764,8137,80.59,39.57 ,140,40
2764,8147,80.59,39.85 ,140,40
2764,8157,80.59,40.25 ,140,40
2764,8167,80.59,40.74 ,160,40
2764,8177,80.59,41.01 ,160,40
2764,8187,80.59,41.18 ,160,40
2764,8197,80.59,39.55 ,140,40
2764,8207,80.65,39.56 ,140,40
2764,8217,80.5,39.63 ,160,40
2764,8227,80.24,39.55 ,160,40
2764,8237,79.79,39.15 ,180,40
2764,8247,79.5,39.96 ,200,39.78
2764,8257,79.37,40.15 ,200,39.28
2764,8267,79.56,37.90 ,240,38.92
2764,8277,79.73,37.85 ,240,38.92
2764,8287,79.84,37.80 ,240,39.27
2764,8297,79.71,37.72 ,240,39.77
2764,8307,79.38,37.63 ,260,39.99
2764,8317,78.94,36.62 ,260,39.99
2764,8327,78.35,36.44 ,240,39.99
2764,8337,77.63,36.31 ,180,39.99
2764,8347,76.9,37.04 ,180,39.99
2764,8357,76.2,38.16 ,180,39.99
2764,8367,75.5,39.17 ,180,39.99
2764,8377,74.75,39.79 ,180,39.95
2764,8387,73.94,40.06 ,180,39.83
2764,8397,73.17,40.18 ,180,39.65
2764,8407,72.54,40.16 ,200,39.17
2764,8417,72.14,40.05 ,200,38.07
2764,8427,72.04,39.69 ,200,36.98
2764,8437,72.25,39.09 ,220,36.67
2764,8447,72.34,38.37 ,220,37.3
2764,8457,72.15,38.49 ,240,38.52
2764,8467,71.67,37.64 ,240,39.31
2764,8477,71.18,37.04 ,240,39.27
2764,8487,70.78,36.81 ,240,38.96
2764,8497,70.42,36.90 ,240,38.8
2764,8507,69.96,37.64 ,200,38.91
2764,8517,69.31,37.06 ,160,39.11
2764,8527,68.49,37.02 ,160,39.12
2764,8537,67.53,36.96 ,180,38.84
2764,8547,66.58,36.83 ,180,38.31
2764,8557,65.65,36.89 ,180,37.72
2764,8567,64.66,38.12 ,160,37.24
2764,8577,63.62,38.72 ,160,36.97
2764,8587,62.61,39.71 ,180,37.01
2764,8597,61.69,40.18 ,180,37.22
2764,8607,60.81,39.66 ,200,37.31
2764,8617,59.88,38.66 ,220,37.04
2764,8627,58.99,38.02 ,220,36.41
2766,7960,113.95,40.74 ,160,40.92
2766,7970,115.19,41.01 ,160,40.92
2766,7980,116.03,41.18 ,160,40.92
2766,7990,117.4,39.55 ,140,40.92
2766,8000,118.22,39.56 ,140,40.92
2766,8010,119.43,39.63 ,160,40.92
2766,8020,120.55,39.55 ,160,40.28
2766,8030,121.73,39.15 ,180,39.99
2766,8040,122.9,39.96 ,200,39.97
2766,8050,124.06,40.15 ,200,39.96
2766,8060,125.24,40.18 ,160,40
2766,8070,126.44,40.63 ,160,40.35
2766,8080,127.58,40.73 ,160,41.25
2766,8090,128.54,40.27 ,160,42.75
2766,8100,129.28,39.38 ,140,44.77
2766,8110,129.72,39.61 ,140,46.87
2766,8120,129.9,39.73 ,140,48.55
2766,8130,129.89,39.71 ,140,49.6
2766,8140,129.9,39.65 ,140,50
2766,8150,130.05,39.44 ,160,50.02
2766,8160,130.31,39.50 ,160,50
2766,8170,130.65,39.57 ,180,50
2766,8180,131.1,39.50 ,200,50
2766,8190,131.6,39.38 ,200,50
2766,8200,132.07,39.37 ,180,50
2766,8210,132.42,39.68 ,200,50
2766,8220,132.64,39.71 ,200,50.01
2766,8230,132.75,38.95 ,200,49.99
2766,8240,132.77,38.97 ,200,49.77
2766,8250,132.8,38.49 ,240,49.26
2766,8260,132.91,37.64 ,240,48.42
2766,8270,133.13,37.04 ,240,47.34
2766,8280,133.41,36.81 ,240,46.28
2766,8290,133.69,36.90 ,240,45.49
2766,8300,133.91,37.64 ,200,45.06
2766,8310,134.04,37.06 ,160,44.95
2766,8320,134.09,37.02 ,160,44.99
2766,8330,134.1,36.96 ,180,44.99
2766,8340,134.1,36.83 ,180,44.93
2766,8350,134.05,36.89 ,180,45.14
2766,8360,133.83,38.12 ,160,46.06
2766,8370,133.25,38.72 ,160,47.82
2766,8380,132.35,39.71 ,180,50.23
2766,8390,131.19,40.18 ,180,52.67
2766,8400,129.85,39.66 ,200,54.13
2766,8410,128.27,38.66 ,220,54.03
2766,8420,126.96,38.02 ,220,52.44
2766,8430,125.85,37.44 ,220,49.9
2766,8440,124.98,37.01 ,220,47.3
2766,8450,124.37,36.81 ,200,45.15
2766,8460,123.93,36.36 ,200,43.53
2766,8470,123.62,35.89 ,200,42.66
2766,8480,123.26,35.48 ,200,42.74
2766,8490,122.66,35.22 ,180,43.57
2766,8500,121.84,34.79 ,200,44.59
2766,8510,120.91,34.73 ,200,45.29
2766,8520,120.01,35.37 ,220,45.68
2766,8530,119.08,36.88 ,220,46.16
2766,8540,118.02,36.90 ,240,47.03
2766,8550,116.75,37.03 ,240,48.03
2766,8560,115.33,37.11 ,240,48.59
2766,8570,113.89,37.16 ,240,48.37
2766,8580,112.57,37.82 ,220,47.48
2766,8590,111.37,37.89 ,220,46.38
2766,8600,110.32,29.75 ,260,45.55
2766,8610,109.31,29.76 ,260,45
2766,8620,108.31,29.80 ,260,44.37
2766,8630,107.38,29.68 ,260,43.46
2766,8640,106.61,29.44 ,260,42.58
2766,8650,105.96,29.26 ,260,42.25
2768,7951,47.07,39.96 ,140,40
2768,7961,47.6,39.85 ,140,40
2768,7971,48.15,39.67 ,120,40
2768,7981,48.7,39.50 ,140,40
2768,7991,49.24,39.43 ,140,40
2768,8001,49.78,39.43 ,140,40
2768,8011,50.31,39.57 ,140,40
2768,8021,50.8,39.85 ,140,40
2768,8031,51.24,40.25 ,140,40
2768,8041,51.61,40.74 ,160,40
2768,8051,51.94,41.01 ,160,40
2768,8061,52.31,41.18 ,160,40
2768,8071,52.74,39.55 ,140,39.85
2768,8081,53.25,39.56 ,140,39.49
2768,8091,53.86,39.63 ,160,39.24
2768,8101,54.47,39.55 ,160,39.24
2768,8111,55.06,39.15 ,180,39.49
2768,8121,55.59,39.96 ,200,39.85
2768,8131,56.06,40.15 ,200,40
2768,8141,56.48,40.18 ,160,40
2768,8151,56.88,40.63 ,160,40
2768,8161,57.3,40.73 ,160,40
2768,8171,57.79,40.27 ,160,40
2768,8181,58.3,39.38 ,140,40
2768,8191,58.79,39.61 ,140,40
2768,8201,59.3,39.73 ,140,40
2768,8211,59.82,39.71 ,140,40
2768,8221,60.36,39.65 ,140,40
2768,8231,60.93,39.44 ,160,40
2768,8241,61.52,39.50 ,160,40
2768,8251,62.12,39.57 ,180,40
2768,8261,62.7,39.50 ,200,39.86
2768,8271,63.35,39.38 ,200,39.56
2768,8281,64,40.16 ,200,39.33
2768,8291,64.51,40.05 ,200,39.33
2768,8301,64.91,39.69 ,200,39.55
2768,8311,65.19,39.09 ,220,39.85
2768,8321,65.41,38.37 ,220,39.99
2768,8331,65.53,38.49 ,240,39.99
2768,8341,65.5,37.64 ,240,39.98
2768,8351,65.45,37.04 ,240,40
2768,8361,65.43,36.81 ,240,40.13
2768,8371,65.44,36.90 ,240,40.43
2768,8381,65.45,37.64 ,200,40.81
2768,8391,65.44,37.06 ,160,40.99
2768,8401,65.44,37.02 ,160,40.67
2768,8411,65.51,36.96 ,180,39.76
2768,8421,65.69,36.83 ,180,38.53
2768,8431,65.98,36.89 ,180,37.03
2768,8441,66.46,38.12 ,160,35.46
2768,8451,67.12,38.72 ,160,34.55
2768,8461,67.84,39.71 ,180,34.52
2768,8471,68.35,40.18 ,180,35.17
2768,8481,68.57,39.66 ,200,36.06
2768,8491,68.59,38.66 ,220,36.43
2768,8501,68.56,38.02 ,220,36.42
2768,8511,68.46,37.44 ,220,36.44
2768,8521,68.31,37.01 ,220,36.44
2768,8531,68.13,36.81 ,200,36.22
2768,8541,67.98,36.36 ,200,35.61
2768,8551,67.96,35.89 ,200,34.57
2768,8561,68.06,35.48 ,200,33.35
2768,8571,68.33,35.22 ,180,32.38
2768,8581,68.65,34.79 ,200,31.78
2768,8591,68.88,34.73 ,200,31.43
2768,8601,69.02,35.37 ,220,31.2
2768,8611,69.11,36.88 ,220,31.01
2768,8621,69.19,36.90 ,240,30.99
2768,8631,69.18,37.03 ,240,31.3
2768,8641,69.04,37.11 ,240,31.95
2778,7954,66.44,39.50 ,140,38.45
2778,7964,66.97,39.43 ,140,38.45
2778,7974,67.47,39.43 ,140,38.45
2778,7984,67.97,39.57 ,140,38.45
2778,7994,68.47,39.85 ,140,38.45
2778,8004,68.49,40.25 ,140,38.45
2778,8014,68.54,40.74 ,160,38.92
2778,8024,68.62,41.01 ,160,38.74
2778,8034,68.78,41.18 ,160,38.41
2778,8044,68.96,39.55 ,140,38.29
2778,8054,69.15,39.56 ,140,38.38
2778,8064,69.32,39.63 ,160,38.7
2778,8074,69.41,39.55 ,160,38.91
2778,8084,69.48,39.15 ,180,38.78
2778,8094,69.65,39.96 ,200,38.66
2778,8104,69.8,40.15 ,200,38.76
2778,8114,69.82,40.18 ,160,39.17
2778,8124,69.69,40.63 ,160,39.74
2778,8134,69.54,40.73 ,160,40
2778,8144,69.51,40.27 ,160,40
2778,8154,69.53,39.38 ,140,40
2778,8164,69.53,39.61 ,140,40
2778,8174,69.53,39.73 ,140,40
2778,8184,69.53,39.71 ,140,40
2778,8194,69.53,39.65 ,140,40
2778,8204,69.53,39.44 ,160,40
2778,8214,69.53,39.50 ,160,40
2778,8224,69.53,39.57 ,180,40
2778,8234,69.53,39.50 ,200,40
2778,8244,69.51,39.38 ,200,40
2778,8254,69.5,39.37 ,180,40
2778,8264,69.37,39.68 ,200,39.8
2778,8274,69.14,39.71 ,200,39.31
2778,8284,68.82,39.09 ,220,38.86
2778,8294,68.6,38.37 ,220,38.55
2778,8304,68.54,38.49 ,240,38.3
2778,8314,68.66,37.64 ,240,37.93
2778,8324,68.85,37.04 ,240,37.19
2778,8334,69.09,36.81 ,240,36.28
2778,8344,69.38,36.90 ,240,35.51
2778,8354,69.74,37.64 ,200,34.98
2778,8364,70.19,37.06 ,160,34.68
2778,8374,70.68,37.02 ,160,34.57
2778,8384,71.16,36.96 ,180,34.59
2778,8394,71.56,36.83 ,180,34.59
2778,8404,71.89,36.89 ,180,34.46
2778,8414,72.18,38.12 ,160,34.19
2778,8424,72.46,38.72 ,160,33.89
2778,8434,72.78,39.71 ,180,33.74
2778,8444,73.13,40.18 ,180,33.9
2778,8454,73.43,39.66 ,200,33.75
2778,8464,73.81,38.66 ,220,32.87
2778,8474,74.3,38.02 ,220,32.21
2778,8484,74.78,37.44 ,220,32.26
2778,8494,75.06,37.01 ,220,33.13
2778,8504,75.17,36.81 ,200,34.38
2778,8514,75.11,36.36 ,200,34.92
2778,8524,75.13,35.89 ,200,34.93
2778,8534,75.14,35.48 ,200,34.93
2778,8544,75.11,35.22 ,180,34.93
2778,8554,74.99,34.79 ,200,34.93
2778,8564,74.79,34.73 ,200,34.93
2778,8574,74.56,35.37 ,220,34.95
2778,8584,74.34,36.88 ,220,34.99
2778,8594,73.94,36.90 ,240,35.03
2778,8604,73.41,37.03 ,240,34.99
2778,8614,72.69,37.11 ,240,34.77
2778,8624,72.02,37.16 ,240,34.41
2778,8634,71.56,37.82 ,220,34.12
2778,8644,71.22,37.89 ,220,34.13
2779,7967,48.54,39.15 ,180,36.21
2779,7977,48.9,39.96 ,200,36.21
2779,7987,48.72,40.15 ,200,36.21
2779,7997,49.08,40.18 ,160,36.21
2779,8007,49.55,40.63 ,160,36.21
2779,8017,49.92,40.73 ,160,36.21
2779,8027,50.25,40.27 ,160,36.23
2779,8037,50.61,39.38 ,140,35.86
2779,8047,51.06,39.61 ,140,35.38
2779,8057,51.56,39.73 ,140,35.07
2779,8067,52.08,39.71 ,140,34.97
2779,8077,52.58,39.65 ,140,34.98
2779,8087,53.08,39.44 ,160,35
2779,8097,53.55,39.50 ,160,34.74
2779,8107,54.08,39.57 ,180,34.15
2779,8117,54.72,39.50 ,200,33.73
2779,8127,55.41,39.38 ,200,33.73
2779,8137,56.05,39.37 ,180,34.15
2779,8147,56.6,39.68 ,200,34.74
2779,8157,57.06,39.71 ,200,35
2779,8167,57.45,38.95 ,200,35
2779,8177,57.79,38.97 ,200,35
2779,8187,58.13,37.80 ,180,35
2779,8197,58.49,37.72 ,180,35
2779,8207,58.78,37.49 ,180,35
2779,8217,58.94,37.24 ,180,35
2779,8227,59.01,36.98 ,180,35
2779,8237,59.02,36.88 ,180,35
2779,8247,58.98,36.56 ,200,35
2779,8257,58.92,36.32 ,200,35
2779,8267,58.88,35.87 ,180,35
2779,8277,58.84,35.70 ,180,35
2779,8287,58.81,35.64 ,180,35
2779,8297,58.76,35.70 ,180,35
2779,8307,58.66,38.86 ,260,35
2779,8317,58.49,38.66 ,240,34.78
2779,8327,58.36,38.68 ,240,34.28
2779,8337,58.44,39.66 ,200,33.92
2779,8347,58.48,38.66 ,220,33.92
2779,8357,58.32,38.02 ,220,34.27
2779,8367,57.95,37.44 ,220,34.77
2779,8377,57.67,37.01 ,220,34.99
2779,8387,57.55,36.81 ,200,34.99
2779,8397,57.6,36.36 ,200,34.97
2779,8407,57.59,35.89 ,200,34.94
2779,8417,57.6,35.48 ,200,34.95
2779,8427,57.61,35.22 ,180,35.08
2779,8437,57.59,34.79 ,200,35.33
2779,8447,57.53,34.73 ,200,35.63
2779,8457,57.44,35.37 ,220,35.87
2779,8467,57.33,36.88 ,220,35.98
2779,8477,57.22,36.90 ,240,36.01
2779,8487,57.14,37.03 ,240,36
2779,8497,57.03,37.11 ,240,35.88
2779,8507,56.86,37.16 ,240,35.13
2779,8517,56.85,37.82 ,220,33.8
2779,8527,56.92,37.89 ,220,33.05
2779,8537,57.14,37.33 ,200,33.36
2779,8547,57.22,37.52 ,200,34.6
2779,8557,57.21,37.49 ,200,36
2779,8567,56.97,37.28 ,200,36.57
2779,8577,56.7,36.35 ,220,36.59
2779,8587,56.34,36.33 ,220,36.6
2779,8597,55.88,36.89 ,200,36.62
2779,8607,55.32,36.75 ,200,36.52
2779,8617,54.7,37.58 ,240,36.17
2779,8627,54.08,37.09 ,240,35.61
2779,8637,53.56,36.36 ,280,35.07
2779,8647,53.12,36.66 ,260,34.87
2779,8657,52.65,36.78 ,260,34.98
2780,7968,71.67,39.96 ,200,40
2780,7978,71.68,40.15 ,200,40
2780,7988,71.68,40.18 ,160,40
2780,7998,71.68,40.63 ,160,40
2780,8008,71.68,40.73 ,160,40
2780,8018,71.68,40.27 ,160,40
2780,8028,71.68,39.38 ,140,40
2780,8038,71.68,39.61 ,140,40
2780,8048,71.68,39.73 ,140,40
2780,8058,71.68,39.71 ,140,40
2780,8068,71.68,39.65 ,140,40
2780,8078,71.68,39.44 ,160,40
2780,8088,71.68,39.50 ,160,40
2780,8098,71.67,39.57 ,180,39.9
2780,8108,71.69,39.50 ,200,39.65
2780,8118,71.73,39.38 ,200,39.36
2780,8128,71.73,39.37 ,180,39.04
2780,8138,71.75,39.68 ,200,38.75
2780,8148,71.82,39.71 ,200,38.65
2780,8158,71.97,38.95 ,200,38.76
2780,8168,72.11,38.97 ,200,39.14
2780,8178,72.16,37.80 ,180,39.61
2780,8188,72.16,37.72 ,180,39.93
2780,8198,72.14,37.49 ,180,40.03
2780,8208,72.13,37.24 ,180,40.02
2780,8218,72.14,36.98 ,180,40
2780,8228,72.2,36.88 ,180,39.98
2780,8238,72.33,36.56 ,200,39.96
2780,8248,72.49,36.32 ,200,40.07
2780,8258,72.56,35.87 ,180,40.48
2780,8268,72.42,35.70 ,180,41.23
2780,8278,72.03,35.64 ,180,42.14
2780,8288,71.34,35.70 ,180,42.69
2780,8298,70.47,38.86 ,260,42.56
2780,8308,69.57,39.71 ,180,41.94
2780,8318,68.86,40.18 ,180,41.17
2780,8328,68.4,39.66 ,200,40.56
2780,8338,68.06,38.66 ,220,40.24
2780,8348,67.7,38.02 ,220,40.04
2780,8358,67.35,37.44 ,220,39.95
2780,8368,67.01,37.01 ,220,39.97
2780,8378,66.67,36.81 ,200,39.99
2780,8388,66.31,36.36 ,200,39.99
2780,8398,65.84,35.89 ,200,39.99
2780,8408,65.24,35.48 ,200,39.99
2780,8418,64.5,35.22 ,180,39.99
2780,8428,63.67,34.79 ,200,39.99
2780,8438,62.82,34.73 ,200,39.99
2780,8448,61.94,35.37 ,220,39.85
2780,8458,61.04,36.88 ,220,39.34
2780,8468,60.21,36.90 ,240,38.69
2780,8478,59.5,37.03 ,240,38.38
2780,8488,58.84,37.11 ,240,38.59
2780,8498,58.19,37.16 ,240,39.19
2780,8508,57.54,37.82 ,220,39.74
2780,8518,56.99,37.89 ,220,39.92
2780,8528,56.59,37.33 ,200,39.92
2780,8538,56.26,37.52 ,200,39.91
2780,8548,55.94,37.49 ,200,39.87
2780,8558,55.49,37.28 ,200,39.83
2780,8568,54.91,36.35 ,220,39.79
2780,8578,54.19,36.33 ,220,39.7
2780,8588,53.38,36.89 ,200,39.5
2780,8598,52.54,36.75 ,200,39.22
2780,8608,51.69,37.58 ,240,39.01
2780,8618,50.8,37.09 ,240,38.9
2780,8628,49.91,36.36 ,280,38.74
2780,8638,48.99,36.66 ,260,38.24
2780,8648,48.05,36.78 ,260,37.33
2780,8658,47.22,36.94 ,260,36.28
